Workbook
Name Z_89E132C0_7630_11D1_8600_87467182CD24_.wvu.Cols: Analysis!$AS:$AX
Name Z_89E132C0_7630_11D1_8600_87467182CD24_.wvu.Cols: volume!$AL:$AQ
Name Z_89E132C0_7630_11D1_8600_87467182CD24_.wvu.PrintArea: Analysis!$A$1:$AR$51
Name Z_89E132C0_7630_11D1_8600_87467182CD24_.wvu.PrintArea: volume!$A$1:$AK$51
Name Z_89E132C0_7630_11D1_8600_87467182CD24_.wvu.Rows: Report!$78:$78

Sheet Header
A1: Traffic Volume Counts
A3: ชื่อจุดสำรวจ | B3: หลักสี่
A4: หมายเลขสัญญาณไฟจราจร | B4: 500
A5: พิกัด (ละติจูด,ลองจิจูด) | B5: 13.884608 100.580908
A6: ถนนที่สำรวจ | B6: แจ้งวัฒนะ - กำแพงเพชร
A7: วัน-เดือน-ปี ที่สำรวจ | B7: 20 พฤษภาคม 2569
A8: สภาพอากาศ | B8: ปกติ
A9: ประเภททางแยก | B9: สี่แยก
A11: NB road_ชื่อถนน | B11: ถนนกำแพงเพชร 6
A12: EB road_ชื่อถนน | B12: ถนนแจ้งวัฒนะ
A13: SB road_ชื่อถนน | B13: ถนนกำแพงเพชร 6
A14: WB road_ชื่อถนน | B14: ถนนแจ้งวัฒนะ
A17: SELECTED OBJECT CLASSES | B17: รถยนต์/ ตู้,ปิคอัพ/ รถเมล์ใหญ่/ รถเมล์เล็ก/ รถบรรทุก/ รถสามล้อ
A18: PCU VALUES
A19: CAR | B19: 1
A20: VAN | B20: 1
A21: BUS | B21: 2.1
A22: TRUCK | B22: 1.5
A23: HEAVY TRUCK | B23: 2.5
A24: TRI-CYCLE | B24: 0.93

Sheet volume
A1: ทิศทาง | E1: NB1 | L1: NB2 | S1: NB3 | Z1: NB4 | AG1: EB5 | AN1: EB6 | AU1: EB7 | BB1: EB8 | BI1: SB9 | BP1: SB10 | BW1: SB11 | CD1: SB12 | CK1: WB13 | CR1: WB14 | CY1: WB15 | DF1: WB16 | DM1: NB*1 | DT1: NB2* | EA1: NB*3 | EO1: EB*5 | EV1: EB6* | FC1: EB*7 | FQ1: SB*9 | FX1: SB10* | GE1: SB*11 | GS1: WB*13 | GZ1: WB14* | HG1: WB*15
A2: เวลา | B2: รถยนต์ | C2: ตู้,ปิคอัพ | D2: เมล์ใหญ่ | E2: เมล์เล็ก | F2: บรรทุก | G2: สามล้อ | H2: SUM | I2: รถยนต์ | J2: ตู้,ปิคอัพ | K2: เมล์ใหญ่ | L2: เมล์เล็ก | M2: บรรทุก | N2: สามล้อ | O2: SUM | P2: รถยนต์ | Q2: ตู้,ปิคอัพ | R2: เมล์ใหญ่ | S2: เมล์เล็ก | T2: บรรทุก | U2: สามล้อ | V2: SUM | W2: รถยนต์ | X2: ตู้,ปิคอัพ | Y2: เมล์ใหญ่ | Z2: เมล์เล็ก | AA2: บรรทุก | AB2: สามล้อ | AC2: SUM | AD2: รถยนต์ | AE2: ตู้,ปิคอัพ | AF2: เมล์ใหญ่ | AG2: เมล์เล็ก | AH2: บรรทุก | AI2: สามล้อ | AJ2: SUM | AK2: รถยนต์ | AL2: ตู้,ปิคอัพ | AM2: เมล์ใหญ่ | AN2: เมล์เล็ก | AO2: บรรทุก | AP2: สามล้อ | AQ2: SUM | AR2: รถยนต์ | AS2: ตู้,ปิคอัพ | AT2: เมล์ใหญ่ | AU2: เมล์เล็ก | AV2: บรรทุก | AW2: สามล้อ | AX2: SUM | AY2: รถยนต์ | AZ2: ตู้,ปิคอัพ | BA2: เมล์ใหญ่ | BB2: เมล์เล็ก | BC2: บรรทุก | BD2: สามล้อ | BE2: SUM | BF2: รถยนต์ | BG2: ตู้,ปิคอัพ | BH2: เมล์ใหญ่ | BI2: เมล์เล็ก | BJ2: บรรทุก | BK2: สามล้อ | BL2: SUM | BM2: รถยนต์ | BN2: ตู้,ปิคอัพ | BO2: เมล์ใหญ่ | BP2: เมล์เล็ก | BQ2: บรรทุก | BR2: สามล้อ | BS2: SUM | BT2: รถยนต์ | BU2: ตู้,ปิคอัพ | BV2: เมล์ใหญ่ | BW2: เมล์เล็ก | BX2: บรรทุก | BY2: สามล้อ | BZ2: SUM | CA2: รถยนต์ | CB2: ตู้,ปิคอัพ | CC2: เมล์ใหญ่ | CD2: เมล์เล็ก | CE2: บรรทุก | CF2: สามล้อ | CG2: SUM | CH2: รถยนต์ | CI2: ตู้,ปิคอัพ | CJ2: เมล์ใหญ่ | CK2: เมล์เล็ก | CL2: บรรทุก | CM2: สามล้อ | CN2: SUM | CO2: รถยนต์ | CP2: ตู้,ปิคอัพ | CQ2: เมล์ใหญ่ | CR2: เมล์เล็ก | CS2: บรรทุก | CT2: สามล้อ | CU2: SUM | CV2: รถยนต์ | CW2: ตู้,ปิคอัพ | CX2: เมล์ใหญ่ | CY2: เมล์เล็ก | CZ2: บรรทุก | DA2: สามล้อ | DB2: SUM | DC2: รถยนต์ | DD2: ตู้,ปิคอัพ | DE2: เมล์ใหญ่ | DF2: เมล์เล็ก | DG2: บรรทุก | DH2: สามล้อ | DI2: SUM | DJ2: รถยนต์ | DK2: ตู้,ปิคอัพ | DL2: เมล์ใหญ่ | DM2: เมล์เล็ก | DN2: บรรทุก | DO2: สามล้อ | DP2: SUM | DQ2: รถยนต์ | DR2: ตู้,ปิคอัพ | DS2: เมล์ใหญ่ | DT2: เมล์เล็ก | DU2: บรรทุก | DV2: สามล้อ | DW2: SUM | DX2: รถยนต์ | DY2: ตู้,ปิคอัพ | DZ2: เมล์ใหญ่ | EA2: เมล์เล็ก | EB2: บรรทุก | EC2: สามล้อ | ED2: SUM | EL2: รถยนต์ | EM2: ตู้,ปิคอัพ | EN2: เมล์ใหญ่ | EO2: เมล์เล็ก | EP2: บรรทุก | EQ2: สามล้อ | ER2: SUM | ES2: รถยนต์ | ET2: ตู้,ปิคอัพ | EU2: เมล์ใหญ่ | EV2: เมล์เล็ก | EW2: บรรทุก | EX2: สามล้อ | EY2: SUM | EZ2: รถยนต์ | FA2: ตู้,ปิคอัพ | FB2: เมล์ใหญ่ | FC2: เมล์เล็ก | FD2: บรรทุก | FE2: สามล้อ | FF2: SUM | FN2: รถยนต์ | FO2: ตู้,ปิคอัพ | FP2: เมล์ใหญ่ | FQ2: เมล์เล็ก | FR2: บรรทุก | FS2: สามล้อ | FT2: SUM | FU2: รถยนต์ | FV2: ตู้,ปิคอัพ | FW2: เมล์ใหญ่ | FX2: เมล์เล็ก | FY2: บรรทุก | FZ2: สามล้อ | GA2: SUM | GB2: รถยนต์ | GC2: ตู้,ปิคอัพ | GD2: เมล์ใหญ่ | GE2: เมล์เล็ก | GF2: บรรทุก | GG2: สามล้อ | GH2: SUM | GP2: รถยนต์ | GQ2: ตู้,ปิคอัพ | GR2: เมล์ใหญ่ | GS2: เมล์เล็ก | GT2: บรรทุก | GU2: สามล้อ | GV2: SUM | GW2: รถยนต์ | GX2: ตู้,ปิคอัพ | GY2: เมล์ใหญ่ | GZ2: เมล์เล็ก | HA2: บรรทุก | HB2: สามล้อ | HC2: SUM | HD2: รถยนต์ | HE2: ตู้,ปิคอัพ | HF2: เมล์ใหญ่ | HG2: เมล์เล็ก | HH2: บรรทุก | HI2: สามล้อ | HJ2: SUM
A3: 7.00-7.15 | B3: 38 | C3: 7 | F3: 1 | H3: =SUM(B3:G3) -> 46 | I3: 22 | J3: 5 | O3: =SUM(I3:N3) -> 27 | P3: 29 | Q3: 9 | V3: =SUM(P3:U3) -> 38 | AC3: =SUM(W3:AB3) -> 0 | AD3: 48 | AE3: 18 | AH3: 1 | AJ3: =SUM(AD3:AI3) -> 67 | AK3: 191 | AL3: 39 | AQ3: =SUM(AK3:AP3) -> 230 | AR3: 35 | AS3: 7 | AX3: =SUM(AR3:AW3) -> 42 | AY3: 54 | AZ3: 11 | BC3: 1 | BE3: =SUM(AY3:BD3) -> 66 | BF3: 2 | BL3: =SUM(BF3:BK3) -> 2 | BM3: 75 | BN3: 7 | BS3: =SUM(BM3:BR3) -> 82 | BT3: 65 | BU3: 10 | BZ3: =SUM(BT3:BY3) -> 75 | CG3: =SUM(CA3:CF3) -> 0 | CH3: 67 | CI3: 6 | CN3: =SUM(CH3:CM3) -> 73 | CO3: 138 | CP3: 15 | CQ3: 3 | CS3: 5 | CU3: =SUM(CO3:CT3) -> 161 | DB3: =SUM(CV3:DA3) -> 0 | DI3: =SUM(DC3:DH3) -> 0 | DP3: =SUM(DJ3:DO3) -> 0 | DW3: =SUM(DQ3:DV3) -> 0 | ED3: =SUM(DX3:EC3) -> 0 | ER3: =SUM(EL3:EQ3) -> 0 | EY3: =SUM(ES3:EX3) -> 0 | FF3: =SUM(EZ3:FE3) -> 0 | FT3: =SUM(FN3:FS3) -> 0 | GA3: =SUM(FU3:FZ3) -> 0 | GH3: =SUM(GB3:GG3) -> 0 | GV3: =SUM(GP3:GU3) -> 0 | HC3: =SUM(GW3:HB3) -> 0 | HJ3: =SUM(HD3:HI3) -> 0
A4: 7.15-7.30 | B4: 44 | C4: 4 | G4: 1 | H4: =SUM(B4:G4) -> 49 | I4: 27 | J4: 4 | O4: =SUM(I4:N4) -> 31 | P4: 30 | Q4: 3 | V4: =SUM(P4:U4) -> 33 | AC4: =SUM(W4:AB4) -> 0 | AD4: 51 | AE4: 14 | AJ4: =SUM(AD4:AI4) -> 65 | AK4: 180 | AL4: 24 | AO4: 7 | AQ4: =SUM(AK4:AP4) -> 211 | AR4: 26 | AS4: 3 | AX4: =SUM(AR4:AW4) -> 29 | AY4: 61 | AZ4: 13 | BE4: =SUM(AY4:BD4) -> 74 | BF4: 2 | BL4: =SUM(BF4:BK4) -> 2 | BM4: 68 | BN4: 9 | BS4: =SUM(BM4:BR4) -> 77 | BT4: 49 | BU4: 8 | BZ4: =SUM(BT4:BY4) -> 57 | CG4: =SUM(CA4:CF4) -> 0 | CH4: 56 | CI4: 3 | CL4: 1 | CN4: =SUM(CH4:CM4) -> 60 | CO4: 146 | CP4: 21 | CQ4: 2 | CS4: 3 | CU4: =SUM(CO4:CT4) -> 172 | DB4: =SUM(CV4:DA4) -> 0 | DI4: =SUM(DC4:DH4) -> 0 | DP4: =SUM(DJ4:DO4) -> 0 | DW4: =SUM(DQ4:DV4) -> 0 | ED4: =SUM(DX4:EC4) -> 0 | ER4: =SUM(EL4:EQ4) -> 0 | EY4: =SUM(ES4:EX4) -> 0 | FF4: =SUM(EZ4:FE4) -> 0 | FT4: =SUM(FN4:FS4) -> 0 | GA4: =SUM(FU4:FZ4) -> 0 | GH4: =SUM(GB4:GG4) -> 0 | GV4: =SUM(GP4:GU4) -> 0 | HC4: =SUM(GW4:HB4) -> 0 | HJ4: =SUM(HD4:HI4) -> 0
A5: 7.30-7.45 | B5: 41 | C5: 9 | F5: 2 | H5: =SUM(B5:G5) -> 52 | I5: 21 | J5: 9 | O5: =SUM(I5:N5) -> 30 | P5: 27 | Q5: 5 | V5: =SUM(P5:U5) -> 32 | AC5: =SUM(W5:AB5) -> 0 | AD5: 43 | AE5: 16 | AJ5: =SUM(AD5:AI5) -> 59 | AK5: 177 | AL5: 41 | AM5: 1 | AN5: 1 | AO5: 2 | AQ5: =SUM(AK5:AP5) -> 222 | AR5: 31 | AS5: 9 | AX5: =SUM(AR5:AW5) -> 40 | AY5: 57 | AZ5: 17 | BE5: =SUM(AY5:BD5) -> 74 | BF5: 3 | BG5: 1 | BL5: =SUM(BF5:BK5) -> 4 | BM5: 70 | BN5: 13 | BQ5: 1 | BS5: =SUM(BM5:BR5) -> 84 | BT5: 60 | BU5: 12 | BZ5: =SUM(BT5:BY5) -> 72 | CG5: =SUM(CA5:CF5) -> 0 | CH5: 52 | CI5: 5 | CN5: =SUM(CH5:CM5) -> 57 | CO5: 153 | CP5: 23 | CQ5: 1 | CS5: 1 | CU5: =SUM(CO5:CT5) -> 178 | DB5: =SUM(CV5:DA5) -> 0 | DI5: =SUM(DC5:DH5) -> 0 | DP5: =SUM(DJ5:DO5) -> 0 | DW5: =SUM(DQ5:DV5) -> 0 | ED5: =SUM(DX5:EC5) -> 0 | ER5: =SUM(EL5:EQ5) -> 0 | EY5: =SUM(ES5:EX5) -> 0 | FF5: =SUM(EZ5:FE5) -> 0 | FT5: =SUM(FN5:FS5) -> 0 | GA5: =SUM(FU5:FZ5) -> 0 | GH5: =SUM(GB5:GG5) -> 0 | GV5: =SUM(GP5:GU5) -> 0 | HC5: =SUM(GW5:HB5) -> 0 | HJ5: =SUM(HD5:HI5) -> 0
A6: 7.45-8.00 | B6: 56 | C6: 5 | H6: =SUM(B6:G6) -> 61 | I6: 18 | J6: 11 | O6: =SUM(I6:N6) -> 29 | P6: 18 | Q6: 6 | V6: =SUM(P6:U6) -> 24 | AC6: =SUM(W6:AB6) -> 0 | AD6: 48 | AE6: 10 | AJ6: =SUM(AD6:AI6) -> 58 | AK6: 168 | AL6: 37 | AO6: 4 | AQ6: =SUM(AK6:AP6) -> 209 | AR6: 23 | AS6: 5 | AX6: =SUM(AR6:AW6) -> 28 | AY6: 66 | AZ6: 12 | BA6: 1 | BC6: 2 | BE6: =SUM(AY6:BD6) -> 81 | BF6: 6 | BG6: 2 | BL6: =SUM(BF6:BK6) -> 8 | BM6: 62 | BN6: 8 | BS6: =SUM(BM6:BR6) -> 70 | BT6: 55 | BU6: 9 | BZ6: =SUM(BT6:BY6) -> 64 | CG6: =SUM(CA6:CF6) -> 0 | CH6: 60 | CI6: 7 | CN6: =SUM(CH6:CM6) -> 67 | CO6: 150 | CP6: 25 | CQ6: 1 | CS6: 2 | CU6: =SUM(CO6:CT6) -> 178 | DB6: =SUM(CV6:DA6) -> 0 | DI6: =SUM(DC6:DH6) -> 0 | DP6: =SUM(DJ6:DO6) -> 0 | DW6: =SUM(DQ6:DV6) -> 0 | ED6: =SUM(DX6:EC6) -> 0 | ER6: =SUM(EL6:EQ6) -> 0 | EY6: =SUM(ES6:EX6) -> 0 | FF6: =SUM(EZ6:FE6) -> 0 | FT6: =SUM(FN6:FS6) -> 0 | GA6: =SUM(FU6:FZ6) -> 0 | GH6: =SUM(GB6:GG6) -> 0 | GV6: =SUM(GP6:GU6) -> 0 | HC6: =SUM(GW6:HB6) -> 0 | HJ6: =SUM(HD6:HI6) -> 0
A7: 8.00-8.15 | B7: 52 | C7: 5 | D7: 1 | G7: 2 | H7: =SUM(B7:G7) -> 60 | I7: 19 | J7: 8 | O7: =SUM(I7:N7) -> 27 | P7: 15 | Q7: 9 | V7: =SUM(P7:U7) -> 24 | AC7: =SUM(W7:AB7) -> 0 | AD7: 45 | AE7: 14 | AJ7: =SUM(AD7:AI7) -> 59 | AK7: 154 | AL7: 48 | AM7: 2 | AO7: 2 | AQ7: =SUM(AK7:AP7) -> 206 | AR7: 38 | AS7: 8 | AX7: =SUM(AR7:AW7) -> 46 | AY7: 60 | AZ7: 16 | BC7: 1 | BD7: 1 | BE7: =SUM(AY7:BD7) -> 78 | BF7: 2 | BG7: 2 | BL7: =SUM(BF7:BK7) -> 4 | BM7: 58 | BN7: 10 | BS7: =SUM(BM7:BR7) -> 68 | BT7: 63 | BU7: 17 | BZ7: =SUM(BT7:BY7) -> 80 | CG7: =SUM(CA7:CF7) -> 0 | CH7: 69 | CI7: 10 | CL7: 1 | CN7: =SUM(CH7:CM7) -> 80 | CO7: 142 | CP7: 18 | CQ7: 2 | CS7: 2 | CU7: =SUM(CO7:CT7) -> 164 | DB7: =SUM(CV7:DA7) -> 0 | DI7: =SUM(DC7:DH7) -> 0 | DP7: =SUM(DJ7:DO7) -> 0 | DW7: =SUM(DQ7:DV7) -> 0 | ED7: =SUM(DX7:EC7) -> 0 | ER7: =SUM(EL7:EQ7) -> 0 | EY7: =SUM(ES7:EX7) -> 0 | FF7: =SUM(EZ7:FE7) -> 0 | FT7: =SUM(FN7:FS7) -> 0 | GA7: =SUM(FU7:FZ7) -> 0 | GH7: =SUM(GB7:GG7) -> 0 | GV7: =SUM(GP7:GU7) -> 0 | HC7: =SUM(GW7:HB7) -> 0 | HJ7: =SUM(HD7:HI7) -> 0
A8: 8.15-8.30 | B8: 47 | C8: 8 | F8: 1 | H8: =SUM(B8:G8) -> 56 | I8: 23 | J8: 2 | O8: =SUM(I8:N8) -> 25 | P8: 23 | Q8: 4 | V8: =SUM(P8:U8) -> 27 | AC8: =SUM(W8:AB8) -> 0 | AD8: 39 | AE8: 11 | AH8: 1 | AJ8: =SUM(AD8:AI8) -> 51 | AK8: 147 | AL8: 55 | AO8: 6 | AQ8: =SUM(AK8:AP8) -> 208 | AR8: 30 | AS8: 4 | AV8: 1 | AW8: 1 | AX8: =SUM(AR8:AW8) -> 36 | AY8: 58 | AZ8: 13 | BD8: 2 | BE8: =SUM(AY8:BD8) -> 73 | BF8: 1 | BG8: 3 | BL8: =SUM(BF8:BK8) -> 4 | BM8: 60 | BN8: 14 | BS8: =SUM(BM8:BR8) -> 74 | BT8: 76 | BU8: 24 | BZ8: =SUM(BT8:BY8) -> 100 | CG8: =SUM(CA8:CF8) -> 0 | CH8: 58 | CI8: 8 | CN8: =SUM(CH8:CM8) -> 66 | CO8: 138 | CP8: 12 | CS8: 3 | CU8: =SUM(CO8:CT8) -> 153 | DB8: =SUM(CV8:DA8) -> 0 | DI8: =SUM(DC8:DH8) -> 0 | DP8: =SUM(DJ8:DO8) -> 0 | DW8: =SUM(DQ8:DV8) -> 0 | ED8: =SUM(DX8:EC8) -> 0 | ER8: =SUM(EL8:EQ8) -> 0 | EY8: =SUM(ES8:EX8) -> 0 | FF8: =SUM(EZ8:FE8) -> 0 | FT8: =SUM(FN8:FS8) -> 0 | GA8: =SUM(FU8:FZ8) -> 0 | GH8: =SUM(GB8:GG8) -> 0 | GV8: =SUM(GP8:GU8) -> 0 | HC8: =SUM(GW8:HB8) -> 0 | HJ8: =SUM(HD8:HI8) -> 0
A9: 8.30-8.45 | B9: 41 | C9: 4 | F9: 1 | H9: =SUM(B9:G9) -> 46 | I9: 14 | J9: 13 | O9: =SUM(I9:N9) -> 27 | P9: 21 | Q9: 6 | V9: =SUM(P9:U9) -> 27 | AC9: =SUM(W9:AB9) -> 0 | AD9: 44 | AE9: 16 | AJ9: =SUM(AD9:AI9) -> 60 | AK9: 138 | AL9: 43 | AO9: 6 | AP9: 1 | AQ9: =SUM(AK9:AP9) -> 188 | AR9: 42 | AS9: 6 | AX9: =SUM(AR9:AW9) -> 48 | AY9: 53 | AZ9: 19 | BC9: 3 | BE9: =SUM(AY9:BD9) -> 75 | BF9: 4 | BL9: =SUM(BF9:BK9) -> 4 | BM9: 50 | BN9: 11 | BO9: 1 | BQ9: 1 | BS9: =SUM(BM9:BR9) -> 63 | BT9: 59 | BU9: 12 | BZ9: =SUM(BT9:BY9) -> 71 | CG9: =SUM(CA9:CF9) -> 0 | CH9: 64 | CI9: 12 | CN9: =SUM(CH9:CM9) -> 76 | CO9: 125 | CP9: 15 | CR9: 1 | CS9: 5 | CU9: =SUM(CO9:CT9) -> 146 | DB9: =SUM(CV9:DA9) -> 0 | DI9: =SUM(DC9:DH9) -> 0 | DP9: =SUM(DJ9:DO9) -> 0 | DW9: =SUM(DQ9:DV9) -> 0 | ED9: =SUM(DX9:EC9) -> 0 | ER9: =SUM(EL9:EQ9) -> 0 | EY9: =SUM(ES9:EX9) -> 0 | FF9: =SUM(EZ9:FE9) -> 0 | FT9: =SUM(FN9:FS9) -> 0 | GA9: =SUM(FU9:FZ9) -> 0 | GH9: =SUM(GB9:GG9) -> 0 | GV9: =SUM(GP9:GU9) -> 0 | HC9: =SUM(GW9:HB9) -> 0 | HJ9: =SUM(HD9:HI9) -> 0
A10: 8.45-9.00 | B10: 45 | C10: 4 | H10: =SUM(B10:G10) -> 49 | I10: 25 | J10: 7 | O10: =SUM(I10:N10) -> 32 | P10: 16 | Q10: 8 | V10: =SUM(P10:U10) -> 24 | AC10: =SUM(W10:AB10) -> 0 | AD10: 41 | AE10: 12 | AJ10: =SUM(AD10:AI10) -> 53 | AK10: 163 | AL10: 52 | AM10: 1 | AO10: 4 | AQ10: =SUM(AK10:AP10) -> 220 | AR10: 36 | AS10: 3 | AV10: 2 | AX10: =SUM(AR10:AW10) -> 41 | AY10: 51 | AZ10: 11 | BC10: 1 | BE10: =SUM(AY10:BD10) -> 63 | BF10: 7 | BL10: =SUM(BF10:BK10) -> 7 | BM10: 48 | BN10: 16 | BQ10: 1 | BS10: =SUM(BM10:BR10) -> 65 | BT10: 65 | BU10: 20 | BZ10: =SUM(BT10:BY10) -> 85 | CG10: =SUM(CA10:CF10) -> 0 | CH10: 52 | CI10: 5 | CL10: 2 | CN10: =SUM(CH10:CM10) -> 59 | CO10: 130 | CP10: 17 | CQ10: 1 | CS10: 2 | CU10: =SUM(CO10:CT10) -> 150 | DB10: =SUM(CV10:DA10) -> 0 | DI10: =SUM(DC10:DH10) -> 0 | DP10: =SUM(DJ10:DO10) -> 0 | DW10: =SUM(DQ10:DV10) -> 0 | ED10: =SUM(DX10:EC10) -> 0 | ER10: =SUM(EL10:EQ10) -> 0 | EY10: =SUM(ES10:EX10) -> 0 | FF10: =SUM(EZ10:FE10) -> 0 | FT10: =SUM(FN10:FS10) -> 0 | GA10: =SUM(FU10:FZ10) -> 0 | GH10: =SUM(GB10:GG10) -> 0 | GV10: =SUM(GP10:GU10) -> 0 | HC10: =SUM(GW10:HB10) -> 0 | HJ10: =SUM(HD10:HI10) -> 0
A11: 9.00-9.15 | B11: 38 | C11: 6 | F11: 2 | H11: =SUM(B11:G11) -> 46 | I11: 48 | J11: 11 | O11: =SUM(I11:N11) -> 59 | P11: 17 | Q11: 8 | V11: =SUM(P11:U11) -> 25 | AC11: =SUM(W11:AB11) -> 0 | AD11: 36 | AE11: 9 | AJ11: =SUM(AD11:AI11) -> 45 | AK11: 170 | AL11: 44 | AO11: 6 | AQ11: =SUM(AK11:AP11) -> 220 | AR11: 45 | AS11: 7 | AV11: 1 | AX11: =SUM(AR11:AW11) -> 53 | AY11: 47 | AZ11: 14 | BC11: 2 | BE11: =SUM(AY11:BD11) -> 63 | BF11: 3 | BG11: 1 | BL11: =SUM(BF11:BK11) -> 4 | BM11: 58 | BN11: 11 | BQ11: 1 | BS11: =SUM(BM11:BR11) -> 70 | BT11: 70 | BU11: 10 | BZ11: =SUM(BT11:BY11) -> 80 | CG11: =SUM(CA11:CF11) -> 0 | CH11: 59 | CI11: 9 | CL11: 1 | CN11: =SUM(CH11:CM11) -> 69 | CO11: 122 | CP11: 23 | CS11: 1 | CU11: =SUM(CO11:CT11) -> 146 | DB11: =SUM(CV11:DA11) -> 0 | DI11: =SUM(DC11:DH11) -> 0 | DP11: =SUM(DJ11:DO11) -> 0 | DW11: =SUM(DQ11:DV11) -> 0 | ED11: =SUM(DX11:EC11) -> 0 | ER11: =SUM(EL11:EQ11) -> 0 | EY11: =SUM(ES11:EX11) -> 0 | FF11: =SUM(EZ11:FE11) -> 0 | FT11: =SUM(FN11:FS11) -> 0 | GA11: =SUM(FU11:FZ11) -> 0 | GH11: =SUM(GB11:GG11) -> 0 | GV11: =SUM(GP11:GU11) -> 0 | HC11: =SUM(GW11:HB11) -> 0 | HJ11: =SUM(HD11:HI11) -> 0
A12: 9.15-9.30 | B12: 42 | C12: 5 | G12: 1 | H12: =SUM(B12:G12) -> 48 | I12: 57 | J12: 8 | O12: =SUM(I12:N12) -> 65 | P12: 19 | Q12: 7 | T12: 1 | V12: =SUM(P12:U12) -> 27 | AC12: =SUM(W12:AB12) -> 0 | AD12: 42 | AE12: 12 | AJ12: =SUM(AD12:AI12) -> 54 | AK12: 149 | AL12: 36 | AO12: 2 | AQ12: =SUM(AK12:AP12) -> 187 | AR12: 33 | AS12: 10 | AV12: 3 | AX12: =SUM(AR12:AW12) -> 46 | AY12: 52 | AZ12: 17 | BA12: 1 | BD12: 1 | BE12: =SUM(AY12:BD12) -> 71 | BF12: 5 | BG12: 4 | BL12: =SUM(BF12:BK12) -> 9 | BM12: 45 | BN12: 16 | BS12: =SUM(BM12:BR12) -> 61 | BT12: 47 | BU12: 14 | BZ12: =SUM(BT12:BY12) -> 61 | CG12: =SUM(CA12:CF12) -> 0 | CH12: 46 | CI12: 11 | CN12: =SUM(CH12:CM12) -> 57 | CO12: 118 | CP12: 20 | CQ12: 1 | CS12: 2 | CU12: =SUM(CO12:CT12) -> 141 | DB12: =SUM(CV12:DA12) -> 0 | DI12: =SUM(DC12:DH12) -> 0 | DP12: =SUM(DJ12:DO12) -> 0 | DW12: =SUM(DQ12:DV12) -> 0 | ED12: =SUM(DX12:EC12) -> 0 | ER12: =SUM(EL12:EQ12) -> 0 | EY12: =SUM(ES12:EX12) -> 0 | FF12: =SUM(EZ12:FE12) -> 0 | FT12: =SUM(FN12:FS12) -> 0 | GA12: =SUM(FU12:FZ12) -> 0 | GH12: =SUM(GB12:GG12) -> 0 | GV12: =SUM(GP12:GU12) -> 0 | HC12: =SUM(GW12:HB12) -> 0 | HJ12: =SUM(HD12:HI12) -> 0
A13: 9.30-9.45 | B13: 37 | C13: 9 | H13: =SUM(B13:G13) -> 46 | I13: 66 | J13: 6 | O13: =SUM(I13:N13) -> 72 | P13: 21 | Q13: 10 | V13: =SUM(P13:U13) -> 31 | AC13: =SUM(W13:AB13) -> 0 | AD13: 38 | AE13: 8 | AJ13: =SUM(AD13:AI13) -> 46 | AK13: 151 | AL13: 51 | AN13: 1 | AO13: 9 | AQ13: =SUM(AK13:AP13) -> 212 | AR13: 39 | AS13: 6 | AW13: 1 | AX13: =SUM(AR13:AW13) -> 46 | AY13: 55 | AZ13: 23 | BC13: 1 | BE13: =SUM(AY13:BD13) -> 79 | BF13: 2 | BJ13: 1 | BL13: =SUM(BF13:BK13) -> 3 | BM13: 65 | BN13: 18 | BS13: =SUM(BM13:BR13) -> 83 | BT13: 52 | BU13: 22 | BZ13: =SUM(BT13:BY13) -> 74 | CG13: =SUM(CA13:CF13) -> 0 | CH13: 50 | CI13: 8 | CN13: =SUM(CH13:CM13) -> 58 | CO13: 105 | CP13: 28 | CR13: 1 | CS13: 2 | CU13: =SUM(CO13:CT13) -> 136 | DB13: =SUM(CV13:DA13) -> 0 | DI13: =SUM(DC13:DH13) -> 0 | DP13: =SUM(DJ13:DO13) -> 0 | DW13: =SUM(DQ13:DV13) -> 0 | ED13: =SUM(DX13:EC13) -> 0 | ER13: =SUM(EL13:EQ13) -> 0 | EY13: =SUM(ES13:EX13) -> 0 | FF13: =SUM(EZ13:FE13) -> 0 | FT13: =SUM(FN13:FS13) -> 0 | GA13: =SUM(FU13:FZ13) -> 0 | GH13: =SUM(GB13:GG13) -> 0 | GV13: =SUM(GP13:GU13) -> 0 | HC13: =SUM(GW13:HB13) -> 0 | HJ13: =SUM(HD13:HI13) -> 0
A14: 9.45-10.00 | B14: 31 | C14: 10 | F14: 1 | H14: =SUM(B14:G14) -> 42 | I14: 41 | J14: 13 | O14: =SUM(I14:N14) -> 54 | P14: 18 | Q14: 6 | V14: =SUM(P14:U14) -> 24 | AC14: =SUM(W14:AB14) -> 0 | AD14: 41 | AE14: 16 | AJ14: =SUM(AD14:AI14) -> 57 | AK14: 135 | AL14: 48 | AM14: 1 | AO14: 6 | AQ14: =SUM(AK14:AP14) -> 190 | AR14: 30 | AS14: 9 | AV14: 1 | AX14: =SUM(AR14:AW14) -> 40 | AY14: 44 | AZ14: 15 | BC14: 1 | BE14: =SUM(AY14:BD14) -> 60 | BF14: 6 | BG14: 2 | BL14: =SUM(BF14:BK14) -> 8 | BM14: 58 | BN14: 12 | BQ14: 1 | BS14: =SUM(BM14:BR14) -> 71 | BT14: 36 | BU14: 10 | BZ14: =SUM(BT14:BY14) -> 46 | CG14: =SUM(CA14:CF14) -> 0 | CH14: 42 | CI14: 5 | CL14: 1 | CN14: =SUM(CH14:CM14) -> 48 | CO14: 110 | CP14: 22 | CQ14: 2 | CS14: 1 | CU14: =SUM(CO14:CT14) -> 135 | DB14: =SUM(CV14:DA14) -> 0 | DI14: =SUM(DC14:DH14) -> 0 | DP14: =SUM(DJ14:DO14) -> 0 | DW14: =SUM(DQ14:DV14) -> 0 | ED14: =SUM(DX14:EC14) -> 0 | ER14: =SUM(EL14:EQ14) -> 0 | EY14: =SUM(ES14:EX14) -> 0 | FF14: =SUM(EZ14:FE14) -> 0 | FT14: =SUM(FN14:FS14) -> 0 | GA14: =SUM(FU14:FZ14) -> 0 | GH14: =SUM(GB14:GG14) -> 0 | GV14: =SUM(GP14:GU14) -> 0 | HC14: =SUM(GW14:HB14) -> 0 | HJ14: =SUM(HD14:HI14) -> 0
A15: 10.00-10.15 | B15: 34 | C15: 7 | G15: 3 | H15: =SUM(B15:G15) -> 44 | I15: 38 | J15: 5 | O15: =SUM(I15:N15) -> 43 | P15: 27 | Q15: 12 | V15: =SUM(P15:U15) -> 39 | AC15: =SUM(W15:AB15) -> 0 | AD15: 44 | AE15: 18 | AJ15: =SUM(AD15:AI15) -> 62 | AK15: 122 | AL15: 36 | AM15: 1 | AO15: 7 | AQ15: =SUM(AK15:AP15) -> 166 | AR15: 24 | AS15: 8 | AX15: =SUM(AR15:AW15) -> 32 | AY15: 47 | AZ15: 24 | BD15: 2 | BE15: =SUM(AY15:BD15) -> 73 | BF15: 4 | BL15: =SUM(BF15:BK15) -> 4 | BM15: 58 | BN15: 14 | BS15: =SUM(BM15:BR15) -> 72 | BT15: 50 | BU15: 13 | BZ15: =SUM(BT15:BY15) -> 63 | CG15: =SUM(CA15:CF15) -> 0 | CH15: 35 | CI15: 9 | CL15: 2 | CN15: =SUM(CH15:CM15) -> 46 | CO15: 112 | CP15: 25 | CQ15: 1 | CS15: 1 | CT15: 1 | CU15: =SUM(CO15:CT15) -> 140 | DB15: =SUM(CV15:DA15) -> 0 | DI15: =SUM(DC15:DH15) -> 0 | DP15: =SUM(DJ15:DO15) -> 0 | DW15: =SUM(DQ15:DV15) -> 0 | ED15: =SUM(DX15:EC15) -> 0 | ER15: =SUM(EL15:EQ15) -> 0 | EY15: =SUM(ES15:EX15) -> 0 | FF15: =SUM(EZ15:FE15) -> 0 | FT15: =SUM(FN15:FS15) -> 0 | GA15: =SUM(FU15:FZ15) -> 0 | GH15: =SUM(GB15:GG15) -> 0 | GV15: =SUM(GP15:GU15) -> 0 | HC15: =SUM(GW15:HB15) -> 0 | HJ15: =SUM(HD15:HI15) -> 0
A16: 10.15-10.30 | B16: 26 | C16: 4 | H16: =SUM(B16:G16) -> 30 | I16: 53 | J16: 12 | O16: =SUM(I16:N16) -> 65 | P16: 30 | Q16: 8 | V16: =SUM(P16:U16) -> 38 | AC16: =SUM(W16:AB16) -> 0 | AD16: 52 | AE16: 22 | AF16: 1 | AJ16: =SUM(AD16:AI16) -> 75 | AK16: 119 | AL16: 52 | AO16: 5 | AQ16: =SUM(AK16:AP16) -> 176 | AR16: 18 | AS16: 5 | AV16: 1 | AX16: =SUM(AR16:AW16) -> 24 | AY16: 41 | AZ16: 21 | BC16: 3 | BE16: =SUM(AY16:BD16) -> 65 | BF16: 3 | BL16: =SUM(BF16:BK16) -> 3 | BM16: 63 | BN16: 10 | BQ16: 2 | BS16: =SUM(BM16:BR16) -> 75 | BT16: 72 | BU16: 9 | BZ16: =SUM(BT16:BY16) -> 81 | CG16: =SUM(CA16:CF16) -> 0 | CH16: 20 | CI16: 6 | CN16: =SUM(CH16:CM16) -> 26 | CO16: 108 | CP16: 18 | CS16: 3 | CU16: =SUM(CO16:CT16) -> 129 | DB16: =SUM(CV16:DA16) -> 0 | DI16: =SUM(DC16:DH16) -> 0 | DP16: =SUM(DJ16:DO16) -> 0 | DW16: =SUM(DQ16:DV16) -> 0 | ED16: =SUM(DX16:EC16) -> 0 | ER16: =SUM(EL16:EQ16) -> 0 | EY16: =SUM(ES16:EX16) -> 0 | FF16: =SUM(EZ16:FE16) -> 0 | FT16: =SUM(FN16:FS16) -> 0 | GA16: =SUM(FU16:FZ16) -> 0 | GH16: =SUM(GB16:GG16) -> 0 | GV16: =SUM(GP16:GU16) -> 0 | HC16: =SUM(GW16:HB16) -> 0 | HJ16: =SUM(HD16:HI16) -> 0
A17: 10.30-10.45 | B17: 29 | C17: 8 | F17: 1 | H17: =SUM(B17:G17) -> 38 | I17: 46 | J17: 7 | O17: =SUM(I17:N17) -> 53 | P17: 26 | Q17: 11 | V17: =SUM(P17:U17) -> 37 | AC17: =SUM(W17:AB17) -> 0 | AD17: 49 | AE17: 19 | AJ17: =SUM(AD17:AI17) -> 68 | AK17: 137 | AL17: 49 | AO17: 8 | AQ17: =SUM(AK17:AP17) -> 194 | AR17: 27 | AS17: 10 | AV17: 1 | AX17: =SUM(AR17:AW17) -> 38 | AY17: 36 | AZ17: 16 | BE17: =SUM(AY17:BD17) -> 52 | BF17: 8 | BG17: 3 | BL17: =SUM(BF17:BK17) -> 11 | BM17: 51 | BN17: 15 | BS17: =SUM(BM17:BR17) -> 66 | BT17: 65 | BU17: 20 | BZ17: =SUM(BT17:BY17) -> 85 | CG17: =SUM(CA17:CF17) -> 0 | CH17: 28 | CI17: 10 | CL17: 1 | CN17: =SUM(CH17:CM17) -> 39 | CO17: 95 | CP17: 23 | CS17: 2 | CU17: =SUM(CO17:CT17) -> 120 | DB17: =SUM(CV17:DA17) -> 0 | DI17: =SUM(DC17:DH17) -> 0 | DP17: =SUM(DJ17:DO17) -> 0 | DW17: =SUM(DQ17:DV17) -> 0 | ED17: =SUM(DX17:EC17) -> 0 | ER17: =SUM(EL17:EQ17) -> 0 | EY17: =SUM(ES17:EX17) -> 0 | FF17: =SUM(EZ17:FE17) -> 0 | FT17: =SUM(FN17:FS17) -> 0 | GA17: =SUM(FU17:FZ17) -> 0 | GH17: =SUM(GB17:GG17) -> 0 | GV17: =SUM(GP17:GU17) -> 0 | HC17: =SUM(GW17:HB17) -> 0 | HJ17: =SUM(HD17:HI17) -> 0
A18: 10.45-11.00 | B18: 37 | C18: 5 | F18: 1 | H18: =SUM(B18:G18) -> 43 | I18: 51 | J18: 10 | O18: =SUM(I18:N18) -> 61 | P18: 19 | Q18: 9 | V18: =SUM(P18:U18) -> 28 | AC18: =SUM(W18:AB18) -> 0 | AD18: 55 | AE18: 26 | AF18: 1 | AJ18: =SUM(AD18:AI18) -> 82 | AK18: 146 | AL18: 51 | AN18: 1 | AO18: 4 | AQ18: =SUM(AK18:AP18) -> 202 | AR18: 20 | AS18: 7 | AX18: =SUM(AR18:AW18) -> 27 | AY18: 43 | AZ18: 19 | BC18: 1 | BE18: =SUM(AY18:BD18) -> 63 | BF18: 2 | BG18: 1 | BL18: =SUM(BF18:BK18) -> 3 | BM18: 48 | BN18: 16 | BQ18: 1 | BS18: =SUM(BM18:BR18) -> 65 | BT18: 59 | BU18: 12 | BZ18: =SUM(BT18:BY18) -> 71 | CG18: =SUM(CA18:CF18) -> 0 | CH18: 22 | CI18: 8 | CN18: =SUM(CH18:CM18) -> 30 | CO18: 102 | CP18: 20 | CQ18: 1 | CR18: 1 | CS18: 2 | CU18: =SUM(CO18:CT18) -> 126 | DB18: =SUM(CV18:DA18) -> 0 | DI18: =SUM(DC18:DH18) -> 0 | DP18: =SUM(DJ18:DO18) -> 0 | DW18: =SUM(DQ18:DV18) -> 0 | ED18: =SUM(DX18:EC18) -> 0 | ER18: =SUM(EL18:EQ18) -> 0 | EY18: =SUM(ES18:EX18) -> 0 | FF18: =SUM(EZ18:FE18) -> 0 | FT18: =SUM(FN18:FS18) -> 0 | GA18: =SUM(FU18:FZ18) -> 0 | GH18: =SUM(GB18:GG18) -> 0 | GV18: =SUM(GP18:GU18) -> 0 | HC18: =SUM(GW18:HB18) -> 0 | HJ18: =SUM(HD18:HI18) -> 0
A19: 11.00-11.15 | B19: 32 | C19: 5 | G19: 2 | H19: =SUM(B19:G19) -> 39 | I19: 46 | J19: 9 | O19: =SUM(I19:N19) -> 55 | P19: 22 | Q19: 7 | T19: 1 | V19: =SUM(P19:U19) -> 30 | AC19: =SUM(W19:AB19) -> 0 | AD19: 63 | AE19: 18 | AJ19: =SUM(AD19:AI19) -> 81 | AK19: 139 | AL19: 43 | AO19: 2 | AQ19: =SUM(AK19:AP19) -> 184 | AR19: 18 | AS19: 5 | AX19: =SUM(AR19:AW19) -> 23 | AY19: 35 | AZ19: 13 | BC19: 2 | BE19: =SUM(AY19:BD19) -> 50 | BF19: 5 | BL19: =SUM(BF19:BK19) -> 5 | BM19: 59 | BN19: 11 | BQ19: 1 | BS19: =SUM(BM19:BR19) -> 71 | BT19: 76 | BU19: 10 | BZ19: =SUM(BT19:BY19) -> 86 | CG19: =SUM(CA19:CF19) -> 0 | CH19: 15 | CI19: 5 | CM19: 1 | CN19: =SUM(CH19:CM19) -> 21 | CO19: 113 | CP19: 27 | CS19: 1 | CT19: 1 | CU19: =SUM(CO19:CT19) -> 142 | DB19: =SUM(CV19:DA19) -> 0 | DI19: =SUM(DC19:DH19) -> 0 | DP19: =SUM(DJ19:DO19) -> 0 | DW19: =SUM(DQ19:DV19) -> 0 | ED19: =SUM(DX19:EC19) -> 0 | ER19: =SUM(EL19:EQ19) -> 0 | EY19: =SUM(ES19:EX19) -> 0 | FF19: =SUM(EZ19:FE19) -> 0 | FT19: =SUM(FN19:FS19) -> 0 | GA19: =SUM(FU19:FZ19) -> 0 | GH19: =SUM(GB19:GG19) -> 0 | GV19: =SUM(GP19:GU19) -> 0 | HC19: =SUM(GW19:HB19) -> 0 | HJ19: =SUM(HD19:HI19) -> 0
A20: 11.15-11.30 | B20: 25 | C20: 9 | F20: 2 | H20: =SUM(B20:G20) -> 36 | I20: 61 | J20: 14 | O20: =SUM(I20:N20) -> 75 | P20: 28 | Q20: 4 | V20: =SUM(P20:U20) -> 32 | AC20: =SUM(W20:AB20) -> 0 | AD20: 54 | AE20: 24 | AJ20: =SUM(AD20:AI20) -> 78 | AK20: 127 | AL20: 54 | AO20: 5 | AQ20: =SUM(AK20:AP20) -> 186 | AR20: 23 | AS20: 11 | AX20: =SUM(AR20:AW20) -> 34 | AY20: 40 | AZ20: 23 | BC20: 2 | BD20: 1 | BE20: =SUM(AY20:BD20) -> 66 | BF20: 3 | BL20: =SUM(BF20:BK20) -> 3 | BM20: 62 | BN20: 14 | BS20: =SUM(BM20:BR20) -> 76 | BT20: 43 | BU20: 14 | BZ20: =SUM(BT20:BY20) -> 57 | CG20: =SUM(CA20:CF20) -> 0 | CH20: 20 | CI20: 9 | CL20: 1 | CN20: =SUM(CH20:CM20) -> 30 | CO20: 94 | CP20: 24 | CQ20: 2 | CS20: 1 | CU20: =SUM(CO20:CT20) -> 121 | DB20: =SUM(CV20:DA20) -> 0 | DI20: =SUM(DC20:DH20) -> 0 | DP20: =SUM(DJ20:DO20) -> 0 | DW20: =SUM(DQ20:DV20) -> 0 | ED20: =SUM(DX20:EC20) -> 0 | ER20: =SUM(EL20:EQ20) -> 0 | EY20: =SUM(ES20:EX20) -> 0 | FF20: =SUM(EZ20:FE20) -> 0 | FT20: =SUM(FN20:FS20) -> 0 | GA20: =SUM(FU20:FZ20) -> 0 | GH20: =SUM(GB20:GG20) -> 0 | GV20: =SUM(GP20:GU20) -> 0 | HC20: =SUM(GW20:HB20) -> 0 | HJ20: =SUM(HD20:HI20) -> 0
A21: 11.30-11.45 | B21: 29 | C21: 11 | G21: 1 | H21: =SUM(B21:G21) -> 41 | I21: 39 | J21: 8 | O21: =SUM(I21:N21) -> 47 | P21: 26 | Q21: 5 | V21: =SUM(P21:U21) -> 31 | AC21: =SUM(W21:AB21) -> 0 | AD21: 66 | AE21: 19 | AJ21: =SUM(AD21:AI21) -> 85 | AK21: 140 | AL21: 42 | AO21: 6 | AQ21: =SUM(AK21:AP21) -> 188 | AR21: 20 | AS21: 8 | AV21: 1 | AX21: =SUM(AR21:AW21) -> 29 | AY21: 32 | AZ21: 20 | BD21: 1 | BE21: =SUM(AY21:BD21) -> 53 | BF21: 2 | BG21: 2 | BL21: =SUM(BF21:BK21) -> 4 | BM21: 71 | BN21: 16 | BS21: =SUM(BM21:BR21) -> 87 | BT21: 59 | BU21: 9 | BZ21: =SUM(BT21:BY21) -> 68 | CG21: =SUM(CA21:CF21) -> 0 | CH21: 25 | CI21: 7 | CN21: =SUM(CH21:CM21) -> 32 | CO21: 97 | CP21: 20 | CR21: 1 | CS21: 3 | CU21: =SUM(CO21:CT21) -> 121 | DB21: =SUM(CV21:DA21) -> 0 | DI21: =SUM(DC21:DH21) -> 0 | DP21: =SUM(DJ21:DO21) -> 0 | DW21: =SUM(DQ21:DV21) -> 0 | ED21: =SUM(DX21:EC21) -> 0 | ER21: =SUM(EL21:EQ21) -> 0 | EY21: =SUM(ES21:EX21) -> 0 | FF21: =SUM(EZ21:FE21) -> 0 | FT21: =SUM(FN21:FS21) -> 0 | GA21: =SUM(FU21:FZ21) -> 0 | GH21: =SUM(GB21:GG21) -> 0 | GV21: =SUM(GP21:GU21) -> 0 | HC21: =SUM(GW21:HB21) -> 0 | HJ21: =SUM(HD21:HI21) -> 0
A22: 11.45-12.00 | B22: 30 | C22: 8 | H22: =SUM(B22:G22) -> 38 | I22: 54 | J22: 13 | N22: 1 | O22: =SUM(I22:N22) -> 68 | P22: 26 | Q22: 5 | V22: =SUM(P22:U22) -> 31 | AC22: =SUM(W22:AB22) -> 0 | AD22: 63 | AE22: 22 | AJ22: =SUM(AD22:AI22) -> 85 | AK22: 135 | AL22: 38 | AO22: 3 | AQ22: =SUM(AK22:AP22) -> 176 | AR22: 14 | AS22: 4 | AX22: =SUM(AR22:AW22) -> 18 | AY22: 39 | AZ22: 18 | BC22: 1 | BE22: =SUM(AY22:BD22) -> 58 | BF22: 3 | BG22: 1 | BJ22: 1 | BL22: =SUM(BF22:BK22) -> 5 | BM22: 68 | BN22: 13 | BQ22: 2 | BS22: =SUM(BM22:BR22) -> 83 | BT22: 44 | BU22: 10 | BZ22: =SUM(BT22:BY22) -> 54 | CG22: =SUM(CA22:CF22) -> 0 | CH22: 19 | CI22: 6 | CL22: 1 | CN22: =SUM(CH22:CM22) -> 26 | CO22: 105 | CP22: 18 | CS22: 2 | CU22: =SUM(CO22:CT22) -> 125 | DB22: =SUM(CV22:DA22) -> 0 | DI22: =SUM(DC22:DH22) -> 0 | DP22: =SUM(DJ22:DO22) -> 0 | DW22: =SUM(DQ22:DV22) -> 0 | ED22: =SUM(DX22:EC22) -> 0 | ER22: =SUM(EL22:EQ22) -> 0 | EY22: =SUM(ES22:EX22) -> 0 | FF22: =SUM(EZ22:FE22) -> 0 | FT22: =SUM(FN22:FS22) -> 0 | GA22: =SUM(FU22:FZ22) -> 0 | GH22: =SUM(GB22:GG22) -> 0 | GV22: =SUM(GP22:GU22) -> 0 | HC22: =SUM(GW22:HB22) -> 0 | HJ22: =SUM(HD22:HI22) -> 0
A23: 12.00-12.15 | B23: 26 | C23: 4 | F23: 1 | H23: =SUM(B23:G23) -> 31 | I23: 63 | J23: 17 | O23: =SUM(I23:N23) -> 80 | P23: 22 | Q23: 3 | V23: =SUM(P23:U23) -> 25 | AC23: =SUM(W23:AB23) -> 0 | AD23: 61 | AE23: 26 | AF23: 1 | AJ23: =SUM(AD23:AI23) -> 88 | AK23: 118 | AL23: 57 | AN23: 1 | AO23: 11 | AQ23: =SUM(AK23:AP23) -> 187 | AR23: 16 | AS23: 5 | AX23: =SUM(AR23:AW23) -> 21 | AY23: 45 | AZ23: 22 | BA23: 1 | BD23: 2 | BE23: =SUM(AY23:BD23) -> 70 | BF23: 7 | BL23: =SUM(BF23:BK23) -> 7 | BM23: 52 | BN23: 15 | BQ23: 1 | BS23: =SUM(BM23:BR23) -> 68 | BT23: 67 | BU23: 6 | BZ23: =SUM(BT23:BY23) -> 73 | CG23: =SUM(CA23:CF23) -> 0 | CH23: 16 | CI23: 4 | CL23: 1 | CN23: =SUM(CH23:CM23) -> 21 | CO23: 110 | CP23: 22 | CS23: 2 | CU23: =SUM(CO23:CT23) -> 134 | DB23: =SUM(CV23:DA23) -> 0 | DI23: =SUM(DC23:DH23) -> 0 | DP23: =SUM(DJ23:DO23) -> 0 | DW23: =SUM(DQ23:DV23) -> 0 | ED23: =SUM(DX23:EC23) -> 0 | ER23: =SUM(EL23:EQ23) -> 0 | EY23: =SUM(ES23:EX23) -> 0 | FF23: =SUM(EZ23:FE23) -> 0 | FT23: =SUM(FN23:FS23) -> 0 | GA23: =SUM(FU23:FZ23) -> 0 | GH23: =SUM(GB23:GG23) -> 0 | GV23: =SUM(GP23:GU23) -> 0 | HC23: =SUM(GW23:HB23) -> 0 | HJ23: =SUM(HD23:HI23) -> 0
A24: 12.15-12.30 | B24: 28 | C24: 6 | F24: 1 | H24: =SUM(B24:G24) -> 35 | I24: 55 | J24: 10 | O24: =SUM(I24:N24) -> 65 | P24: 18 | Q24: 7 | V24: =SUM(P24:U24) -> 25 | AC24: =SUM(W24:AB24) -> 0 | AD24: 64 | AE24: 23 | AJ24: =SUM(AD24:AI24) -> 87 | AK24: 124 | AL24: 32 | AO24: 9 | AQ24: =SUM(AK24:AP24) -> 165 | AR24: 19 | AS24: 9 | AX24: =SUM(AR24:AW24) -> 28 | AY24: 40 | AZ24: 15 | BC24: 3 | BE24: =SUM(AY24:BD24) -> 58 | BF24: 6 | BL24: =SUM(BF24:BK24) -> 6 | BM24: 65 | BN24: 14 | BS24: =SUM(BM24:BR24) -> 79 | BT24: 55 | BU24: 17 | BZ24: =SUM(BT24:BY24) -> 72 | CG24: =SUM(CA24:CF24) -> 0 | CH24: 24 | CI24: 10 | CN24: =SUM(CH24:CM24) -> 34 | CO24: 102 | CP24: 26 | CS24: 2 | CT24: 1 | CU24: =SUM(CO24:CT24) -> 131 | DB24: =SUM(CV24:DA24) -> 0 | DI24: =SUM(DC24:DH24) -> 0 | DP24: =SUM(DJ24:DO24) -> 0 | DW24: =SUM(DQ24:DV24) -> 0 | ED24: =SUM(DX24:EC24) -> 0 | ER24: =SUM(EL24:EQ24) -> 0 | EY24: =SUM(ES24:EX24) -> 0 | FF24: =SUM(EZ24:FE24) -> 0 | FT24: =SUM(FN24:FS24) -> 0 | GA24: =SUM(FU24:FZ24) -> 0 | GH24: =SUM(GB24:GG24) -> 0 | GV24: =SUM(GP24:GU24) -> 0 | HC24: =SUM(GW24:HB24) -> 0 | HJ24: =SUM(HD24:HI24) -> 0
A25: 12.30-12.45 | B25: 33 | C25: 5 | G25: 1 | H25: =SUM(B25:G25) -> 39 | I25: 48 | J25: 11 | O25: =SUM(I25:N25) -> 59 | P25: 25 | Q25: 2 | V25: =SUM(P25:U25) -> 27 | AC25: =SUM(W25:AB25) -> 0 | AD25: 58 | AE25: 19 | AJ25: =SUM(AD25:AI25) -> 77 | AK25: 131 | AL25: 43 | AM25: 1 | AO25: 6 | AQ25: =SUM(AK25:AP25) -> 181 | AR25: 22 | AS25: 6 | AX25: =SUM(AR25:AW25) -> 28 | AY25: 37 | AZ25: 22 | BC25: 3 | BE25: =SUM(AY25:BD25) -> 62 | BF25: 4 | BG25: 3 | BL25: =SUM(BF25:BK25) -> 7 | BM25: 59 | BN25: 10 | BQ25: 1 | BS25: =SUM(BM25:BR25) -> 70 | BT25: 43 | BU25: 8 | BZ25: =SUM(BT25:BY25) -> 51 | CG25: =SUM(CA25:CF25) -> 0 | CH25: 18 | CI25: 8 | CN25: =SUM(CH25:CM25) -> 26 | CO25: 95 | CP25: 24 | CQ25: 1 | CS25: 1 | CT25: 1 | CU25: =SUM(CO25:CT25) -> 122 | DB25: =SUM(CV25:DA25) -> 0 | DI25: =SUM(DC25:DH25) -> 0 | DP25: =SUM(DJ25:DO25) -> 0 | DW25: =SUM(DQ25:DV25) -> 0 | ED25: =SUM(DX25:EC25) -> 0 | ER25: =SUM(EL25:EQ25) -> 0 | EY25: =SUM(ES25:EX25) -> 0 | FF25: =SUM(EZ25:FE25) -> 0 | FT25: =SUM(FN25:FS25) -> 0 | GA25: =SUM(FU25:FZ25) -> 0 | GH25: =SUM(GB25:GG25) -> 0 | GV25: =SUM(GP25:GU25) -> 0 | HC25: =SUM(GW25:HB25) -> 0 | HJ25: =SUM(HD25:HI25) -> 0
A26: 12.45-13.00 | B26: 24 | C26: 8 | H26: =SUM(B26:G26) -> 32 | I26: 62 | J26: 14 | O26: =SUM(I26:N26) -> 76 | P26: 23 | Q26: 6 | V26: =SUM(P26:U26) -> 29 | AC26: =SUM(W26:AB26) -> 0 | AD26: 66 | AE26: 24 | AJ26: =SUM(AD26:AI26) -> 90 | AK26: 125 | AL26: 51 | AO26: 8 | AQ26: =SUM(AK26:AP26) -> 184 | AR26: 17 | AS26: 4 | AX26: =SUM(AR26:AW26) -> 21 | AY26: 41 | AZ26: 19 | BC26: 1 | BE26: =SUM(AY26:BD26) -> 61 | BF26: 4 | BL26: =SUM(BF26:BK26) -> 4 | BM26: 61 | BN26: 16 | BS26: =SUM(BM26:BR26) -> 77 | BT26: 66 | BU26: 13 | BZ26: =SUM(BT26:BY26) -> 79 | CG26: =SUM(CA26:CF26) -> 0 | CH26: 21 | CI26: 6 | CN26: =SUM(CH26:CM26) -> 27 | CO26: 91 | CP26: 22 | CS26: 1 | CU26: =SUM(CO26:CT26) -> 114 | DB26: =SUM(CV26:DA26) -> 0 | DI26: =SUM(DC26:DH26) -> 0 | DP26: =SUM(DJ26:DO26) -> 0 | DW26: =SUM(DQ26:DV26) -> 0 | ED26: =SUM(DX26:EC26) -> 0 | ER26: =SUM(EL26:EQ26) -> 0 | EY26: =SUM(ES26:EX26) -> 0 | FF26: =SUM(EZ26:FE26) -> 0 | FT26: =SUM(FN26:FS26) -> 0 | GA26: =SUM(FU26:FZ26) -> 0 | GH26: =SUM(GB26:GG26) -> 0 | GV26: =SUM(GP26:GU26) -> 0 | HC26: =SUM(GW26:HB26) -> 0 | HJ26: =SUM(HD26:HI26) -> 0
A27: 13.00-13.15 | B27: 29 | C27: 4 | H27: =SUM(B27:G27) -> 33 | I27: 49 | J27: 18 | M27: 1 | N27: 1 | O27: =SUM(I27:N27) -> 69 | P27: 20 | Q27: 11 | V27: =SUM(P27:U27) -> 31 | AC27: =SUM(W27:AB27) -> 0 | AD27: 53 | AE27: 22 | AJ27: =SUM(AD27:AI27) -> 75 | AK27: 138 | AL27: 48 | AM27: 1 | AO27: 9 | AQ27: =SUM(AK27:AP27) -> 196 | AR27: 21 | AS27: 4 | AX27: =SUM(AR27:AW27) -> 25 | AY27: 35 | AZ27: 18 | BC27: 1 | BE27: =SUM(AY27:BD27) -> 54 | BF27: 7 | BL27: =SUM(BF27:BK27) -> 7 | BM27: 53 | BN27: 14 | BQ27: 2 | BS27: =SUM(BM27:BR27) -> 69 | BT27: 73 | BU27: 13 | BZ27: =SUM(BT27:BY27) -> 86 | CG27: =SUM(CA27:CF27) -> 0 | CH27: 25 | CI27: 6 | CN27: =SUM(CH27:CM27) -> 31 | CO27: 104 | CP27: 25 | CS27: 3 | CT27: 1 | CU27: =SUM(CO27:CT27) -> 133 | DB27: =SUM(CV27:DA27) -> 0 | DI27: =SUM(DC27:DH27) -> 0 | DP27: =SUM(DJ27:DO27) -> 0 | DW27: =SUM(DQ27:DV27) -> 0 | ED27: =SUM(DX27:EC27) -> 0 | ER27: =SUM(EL27:EQ27) -> 0 | EY27: =SUM(ES27:EX27) -> 0 | FF27: =SUM(EZ27:FE27) -> 0 | FT27: =SUM(FN27:FS27) -> 0 | GA27: =SUM(FU27:FZ27) -> 0 | GH27: =SUM(GB27:GG27) -> 0 | GV27: =SUM(GP27:GU27) -> 0 | HC27: =SUM(GW27:HB27) -> 0 | HJ27: =SUM(HD27:HI27) -> 0
A28: 13.15-13.30 | B28: 22 | C28: 7 | F28: 1 | H28: =SUM(B28:G28) -> 30 | I28: 52 | J28: 14 | O28: =SUM(I28:N28) -> 66 | P28: 24 | Q28: 8 | V28: =SUM(P28:U28) -> 32 | AC28: =SUM(W28:AB28) -> 0 | AD28: 57 | AE28: 16 | AF28: 1 | AJ28: =SUM(AD28:AI28) -> 74 | AK28: 150 | AL28: 57 | AN28: 1 | AO28: 5 | AQ28: =SUM(AK28:AP28) -> 213 | AR28: 18 | AS28: 6 | AX28: =SUM(AR28:AW28) -> 24 | AY28: 47 | AZ28: 26 | BC28: 3 | BE28: =SUM(AY28:BD28) -> 76 | BF28: 3 | BL28: =SUM(BF28:BK28) -> 3 | BM28: 61 | BN28: 12 | BS28: =SUM(BM28:BR28) -> 73 | BT28: 78 | BU28: 10 | BZ28: =SUM(BT28:BY28) -> 88 | CG28: =SUM(CA28:CF28) -> 0 | CH28: 17 | CI28: 7 | CL28: 1 | CN28: =SUM(CH28:CM28) -> 25 | CO28: 119 | CP28: 19 | CQ28: 1 | CS28: 1 | CU28: =SUM(CO28:CT28) -> 140 | DB28: =SUM(CV28:DA28) -> 0 | DI28: =SUM(DC28:DH28) -> 0 | DP28: =SUM(DJ28:DO28) -> 0 | DW28: =SUM(DQ28:DV28) -> 0 | ED28: =SUM(DX28:EC28) -> 0 | ER28: =SUM(EL28:EQ28) -> 0 | EY28: =SUM(ES28:EX28) -> 0 | FF28: =SUM(EZ28:FE28) -> 0 | FT28: =SUM(FN28:FS28) -> 0 | GA28: =SUM(FU28:FZ28) -> 0 | GH28: =SUM(GB28:GG28) -> 0 | GV28: =SUM(GP28:GU28) -> 0 | HC28: =SUM(GW28:HB28) -> 0 | HJ28: =SUM(HD28:HI28) -> 0
A29: 13.30-13.45 | B29: 31 | C29: 5 | H29: =SUM(B29:G29) -> 36 | I29: 41 | J29: 15 | O29: =SUM(I29:N29) -> 56 | P29: 19 | Q29: 13 | T29: 2 | V29: =SUM(P29:U29) -> 34 | AC29: =SUM(W29:AB29) -> 0 | AD29: 49 | AE29: 13 | AJ29: =SUM(AD29:AI29) -> 62 | AK29: 136 | AL29: 60 | AO29: 5 | AP29: 1 | AQ29: =SUM(AK29:AP29) -> 202 | AR29: 20 | AS29: 6 | AV29: 1 | AX29: =SUM(AR29:AW29) -> 27 | AY29: 42 | AZ29: 15 | BE29: =SUM(AY29:BD29) -> 57 | BF29: 2 | BG29: 1 | BJ29: 1 | BL29: =SUM(BF29:BK29) -> 4 | BM29: 54 | BN29: 11 | BS29: =SUM(BM29:BR29) -> 65 | BT29: 52 | BU29: 5 | BZ29: =SUM(BT29:BY29) -> 57 | CG29: =SUM(CA29:CF29) -> 0 | CH29: 23 | CI29: 7 | CM29: 1 | CN29: =SUM(CH29:CM29) -> 31 | CO29: 88 | CP29: 26 | CQ29: 1 | CS29: 1 | CU29: =SUM(CO29:CT29) -> 116 | DB29: =SUM(CV29:DA29) -> 0 | DI29: =SUM(DC29:DH29) -> 0 | DP29: =SUM(DJ29:DO29) -> 0 | DW29: =SUM(DQ29:DV29) -> 0 | ED29: =SUM(DX29:EC29) -> 0 | ER29: =SUM(EL29:EQ29) -> 0 | EY29: =SUM(ES29:EX29) -> 0 | FF29: =SUM(EZ29:FE29) -> 0 | FT29: =SUM(FN29:FS29) -> 0 | GA29: =SUM(FU29:FZ29) -> 0 | GH29: =SUM(GB29:GG29) -> 0 | GV29: =SUM(GP29:GU29) -> 0 | HC29: =SUM(GW29:HB29) -> 0 | HJ29: =SUM(HD29:HI29) -> 0
A30: 13.45-14.00 | B30: 26 | C30: 5 | G30: 1 | H30: =SUM(B30:G30) -> 32 | I30: 37 | J30: 10 | O30: =SUM(I30:N30) -> 47 | P30: 23 | Q30: 5 | V30: =SUM(P30:U30) -> 28 | AC30: =SUM(W30:AB30) -> 0 | AD30: 41 | AE30: 18 | AJ30: =SUM(AD30:AI30) -> 59 | AK30: 162 | AL30: 42 | AM30: 1 | AO30: 6 | AQ30: =SUM(AK30:AP30) -> 211 | AR30: 15 | AS30: 5 | AX30: =SUM(AR30:AW30) -> 20 | AY30: 63 | AZ30: 17 | BC30: 2 | BD30: 1 | BE30: =SUM(AY30:BD30) -> 83 | BF30: 6 | BL30: =SUM(BF30:BK30) -> 6 | BM30: 50 | BN30: 15 | BQ30: 1 | BS30: =SUM(BM30:BR30) -> 66 | BT30: 65 | BU30: 15 | BZ30: =SUM(BT30:BY30) -> 80 | CG30: =SUM(CA30:CF30) -> 0 | CH30: 20 | CI30: 6 | CN30: =SUM(CH30:CM30) -> 26 | CO30: 94 | CP30: 24 | CS30: 2 | CT30: 2 | CU30: =SUM(CO30:CT30) -> 122 | DB30: =SUM(CV30:DA30) -> 0 | DI30: =SUM(DC30:DH30) -> 0 | DP30: =SUM(DJ30:DO30) -> 0 | DW30: =SUM(DQ30:DV30) -> 0 | ED30: =SUM(DX30:EC30) -> 0 | ER30: =SUM(EL30:EQ30) -> 0 | EY30: =SUM(ES30:EX30) -> 0 | FF30: =SUM(EZ30:FE30) -> 0 | FT30: =SUM(FN30:FS30) -> 0 | GA30: =SUM(FU30:FZ30) -> 0 | GH30: =SUM(GB30:GG30) -> 0 | GV30: =SUM(GP30:GU30) -> 0 | HC30: =SUM(GW30:HB30) -> 0 | HJ30: =SUM(HD30:HI30) -> 0
A31: 14.00-14.15 | B31: 37 | C31: 9 | F31: 1 | H31: =SUM(B31:G31) -> 47 | I31: 38 | J31: 8 | O31: =SUM(I31:N31) -> 46 | P31: 21 | Q31: 10 | V31: =SUM(P31:U31) -> 31 | AC31: =SUM(W31:AB31) -> 0 | AD31: 52 | AE31: 12 | AJ31: =SUM(AD31:AI31) -> 64 | AK31: 145 | AL31: 50 | AN31: 1 | AO31: 4 | AQ31: =SUM(AK31:AP31) -> 200 | AR31: 19 | AS31: 9 | AX31: =SUM(AR31:AW31) -> 28 | AY31: 52 | AZ31: 13 | BD31: 1 | BE31: =SUM(AY31:BD31) -> 66 | BF31: 2 | BL31: =SUM(BF31:BK31) -> 2 | BM31: 61 | BN31: 14 | BS31: =SUM(BM31:BR31) -> 75 | BT31: 63 | BU31: 12 | BZ31: =SUM(BT31:BY31) -> 75 | CG31: =SUM(CA31:CF31) -> 0 | CH31: 18 | CI31: 8 | CL31: 1 | CN31: =SUM(CH31:CM31) -> 27 | CO31: 103 | CP31: 22 | CU31: =SUM(CO31:CT31) -> 125 | DB31: =SUM(CV31:DA31) -> 0 | DI31: =SUM(DC31:DH31) -> 0 | DP31: =SUM(DJ31:DO31) -> 0 | DW31: =SUM(DQ31:DV31) -> 0 | ED31: =SUM(DX31:EC31) -> 0 | ER31: =SUM(EL31:EQ31) -> 0 | EY31: =SUM(ES31:EX31) -> 0 | FF31: =SUM(EZ31:FE31) -> 0 | FT31: =SUM(FN31:FS31) -> 0 | GA31: =SUM(FU31:FZ31) -> 0 | GH31: =SUM(GB31:GG31) -> 0 | GV31: =SUM(GP31:GU31) -> 0 | HC31: =SUM(GW31:HB31) -> 0 | HJ31: =SUM(HD31:HI31) -> 0
A32: 14.15-14.30 | B32: 41 | C32: 6 | H32: =SUM(B32:G32) -> 47 | I32: 42 | J32: 9 | M32: 1 | O32: =SUM(I32:N32) -> 52 | P32: 17 | Q32: 6 | V32: =SUM(P32:U32) -> 23 | AC32: =SUM(W32:AB32) -> 0 | AD32: 39 | AE32: 17 | AJ32: =SUM(AD32:AI32) -> 56 | AK32: 163 | AL32: 48 | AO32: 7 | AQ32: =SUM(AK32:AP32) -> 218 | AR32: 22 | AS32: 10 | AX32: =SUM(AR32:AW32) -> 32 | AY32: 39 | AZ32: 10 | BC32: 1 | BE32: =SUM(AY32:BD32) -> 50 | BF32: 4 | BG32: 2 | BL32: =SUM(BF32:BK32) -> 6 | BM32: 54 | BN32: 16 | BQ32: 2 | BS32: =SUM(BM32:BR32) -> 72 | BT32: 79 | BU32: 6 | BZ32: =SUM(BT32:BY32) -> 85 | CG32: =SUM(CA32:CF32) -> 0 | CH32: 22 | CI32: 5 | CN32: =SUM(CH32:CM32) -> 27 | CO32: 110 | CP32: 20 | CS32: 1 | CT32: 1 | CU32: =SUM(CO32:CT32) -> 132 | DB32: =SUM(CV32:DA32) -> 0 | DI32: =SUM(DC32:DH32) -> 0 | DP32: =SUM(DJ32:DO32) -> 0 | DW32: =SUM(DQ32:DV32) -> 0 | ED32: =SUM(DX32:EC32) -> 0 | ER32: =SUM(EL32:EQ32) -> 0 | EY32: =SUM(ES32:EX32) -> 0 | FF32: =SUM(EZ32:FE32) -> 0 | FT32: =SUM(FN32:FS32) -> 0 | GA32: =SUM(FU32:FZ32) -> 0 | GH32: =SUM(GB32:GG32) -> 0 | GV32: =SUM(GP32:GU32) -> 0 | HC32: =SUM(GW32:HB32) -> 0 | HJ32: =SUM(HD32:HI32) -> 0
A33: 14.30-14.45 | B33: 35 | C33: 12 | H33: =SUM(B33:G33) -> 47 | I33: 44 | J33: 10 | O33: =SUM(I33:N33) -> 54 | P33: 23 | Q33: 6 | T33: 1 | V33: =SUM(P33:U33) -> 30 | AC33: =SUM(W33:AB33) -> 0 | AD33: 44 | AE33: 14 | AJ33: =SUM(AD33:AI33) -> 58 | AK33: 158 | AL33: 42 | AM33: 1 | AO33: 6 | AP33: 1 | AQ33: =SUM(AK33:AP33) -> 208 | AR33: 21 | AS33: 6 | AX33: =SUM(AR33:AW33) -> 27 | AY33: 42 | AZ33: 12 | BA33: 1 | BC33: 3 | BE33: =SUM(AY33:BD33) -> 58 | BF33: 3 | BG33: 1 | BJ33: 2 | BL33: =SUM(BF33:BK33) -> 6 | BM33: 63 | BN33: 14 | BS33: =SUM(BM33:BR33) -> 77 | BT33: 72 | BU33: 14 | BZ33: =SUM(BT33:BY33) -> 86 | CG33: =SUM(CA33:CF33) -> 0 | CH33: 25 | CI33: 6 | CN33: =SUM(CH33:CM33) -> 31 | CO33: 106 | CP33: 24 | CQ33: 1 | CU33: =SUM(CO33:CT33) -> 131 | DB33: =SUM(CV33:DA33) -> 0 | DI33: =SUM(DC33:DH33) -> 0 | DP33: =SUM(DJ33:DO33) -> 0 | DW33: =SUM(DQ33:DV33) -> 0 | ED33: =SUM(DX33:EC33) -> 0 | ER33: =SUM(EL33:EQ33) -> 0 | EY33: =SUM(ES33:EX33) -> 0 | FF33: =SUM(EZ33:FE33) -> 0 | FT33: =SUM(FN33:FS33) -> 0 | GA33: =SUM(FU33:FZ33) -> 0 | GH33: =SUM(GB33:GG33) -> 0 | GV33: =SUM(GP33:GU33) -> 0 | HC33: =SUM(GW33:HB33) -> 0 | HJ33: =SUM(HD33:HI33) -> 0
A34: 14.45-15.00 | B34: 46 | C34: 8 | F34: 1 | G34: 1 | H34: =SUM(B34:G34) -> 56 | I34: 48 | J34: 10 | O34: =SUM(I34:N34) -> 58 | P34: 15 | Q34: 13 | V34: =SUM(P34:U34) -> 28 | AC34: =SUM(W34:AB34) -> 0 | AD34: 48 | AE34: 20 | AH34: 1 | AJ34: =SUM(AD34:AI34) -> 69 | AK34: 171 | AL34: 49 | AN34: 1 | AO34: 6 | AQ34: =SUM(AK34:AP34) -> 227 | AR34: 18 | AS34: 4 | AV34: 1 | AX34: =SUM(AR34:AW34) -> 23 | AY34: 35 | AZ34: 15 | BE34: =SUM(AY34:BD34) -> 50 | BF34: 6 | BL34: =SUM(BF34:BK34) -> 6 | BM34: 54 | BN34: 12 | BS34: =SUM(BM34:BR34) -> 66 | BT34: 54 | BU34: 11 | BZ34: =SUM(BT34:BY34) -> 65 | CG34: =SUM(CA34:CF34) -> 0 | CH34: 34 | CI34: 9 | CL34: 1 | CN34: =SUM(CH34:CM34) -> 44 | CO34: 96 | CP34: 19 | CQ34: 1 | CR34: 2 | CS34: 1 | CU34: =SUM(CO34:CT34) -> 119 | DB34: =SUM(CV34:DA34) -> 0 | DI34: =SUM(DC34:DH34) -> 0 | DP34: =SUM(DJ34:DO34) -> 0 | DW34: =SUM(DQ34:DV34) -> 0 | ED34: =SUM(DX34:EC34) -> 0 | ER34: =SUM(EL34:EQ34) -> 0 | EY34: =SUM(ES34:EX34) -> 0 | FF34: =SUM(EZ34:FE34) -> 0 | FT34: =SUM(FN34:FS34) -> 0 | GA34: =SUM(FU34:FZ34) -> 0 | GH34: =SUM(GB34:GG34) -> 0 | GV34: =SUM(GP34:GU34) -> 0 | HC34: =SUM(GW34:HB34) -> 0 | HJ34: =SUM(HD34:HI34) -> 0
A35: 15.00-15.15 | B35: 39 | C35: 10 | H35: =SUM(B35:G35) -> 49 | I35: 39 | J35: 8 | O35: =SUM(I35:N35) -> 47 | P35: 18 | Q35: 7 | T35: 1 | V35: =SUM(P35:U35) -> 26 | AC35: =SUM(W35:AB35) -> 0 | AD35: 42 | AE35: 16 | AJ35: =SUM(AD35:AI35) -> 58 | AK35: 152 | AL35: 48 | AO35: 4 | AQ35: =SUM(AK35:AP35) -> 204 | AR35: 24 | AS35: 8 | AX35: =SUM(AR35:AW35) -> 32 | AY35: 49 | AZ35: 24 | BE35: =SUM(AY35:BD35) -> 73 | BF35: 2 | BG35: 3 | BJ35: 1 | BL35: =SUM(BF35:BK35) -> 6 | BM35: 61 | BN35: 14 | BQ35: 1 | BS35: =SUM(BM35:BR35) -> 76 | BT35: 62 | BU35: 4 | BZ35: =SUM(BT35:BY35) -> 66 | CG35: =SUM(CA35:CF35) -> 0 | CH35: 29 | CI35: 7 | CN35: =SUM(CH35:CM35) -> 36 | CO35: 93 | CP35: 22 | CU35: =SUM(CO35:CT35) -> 115 | DB35: =SUM(CV35:DA35) -> 0 | DI35: =SUM(DC35:DH35) -> 0 | DP35: =SUM(DJ35:DO35) -> 0 | DW35: =SUM(DQ35:DV35) -> 0 | ED35: =SUM(DX35:EC35) -> 0 | ER35: =SUM(EL35:EQ35) -> 0 | EY35: =SUM(ES35:EX35) -> 0 | FF35: =SUM(EZ35:FE35) -> 0 | FT35: =SUM(FN35:FS35) -> 0 | GA35: =SUM(FU35:FZ35) -> 0 | GH35: =SUM(GB35:GG35) -> 0 | GV35: =SUM(GP35:GU35) -> 0 | HC35: =SUM(GW35:HB35) -> 0 | HJ35: =SUM(HD35:HI35) -> 0
A36: 15.15-15.30 | B36: 34 | C36: 10 | H36: =SUM(B36:G36) -> 44 | I36: 42 | J36: 11 | O36: =SUM(I36:N36) -> 53 | P36: 27 | Q36: 10 | V36: =SUM(P36:U36) -> 37 | AC36: =SUM(W36:AB36) -> 0 | AD36: 53 | AE36: 13 | AJ36: =SUM(AD36:AI36) -> 66 | AK36: 141 | AL36: 53 | AM36: 1 | AO36: 3 | AQ36: =SUM(AK36:AP36) -> 198 | AR36: 21 | AS36: 9 | AX36: =SUM(AR36:AW36) -> 30 | AY36: 39 | AZ36: 19 | BA36: 1 | BE36: =SUM(AY36:BD36) -> 59 | BF36: 8 | BG36: 1 | BL36: =SUM(BF36:BK36) -> 9 | BM36: 52 | BN36: 12 | BS36: =SUM(BM36:BR36) -> 64 | BT36: 42 | BU36: 7 | BZ36: =SUM(BT36:BY36) -> 49 | CG36: =SUM(CA36:CF36) -> 0 | CH36: 38 | CI36: 11 | CN36: =SUM(CH36:CM36) -> 49 | CO36: 119 | CP36: 24 | CQ36: 1 | CU36: =SUM(CO36:CT36) -> 144 | DB36: =SUM(CV36:DA36) -> 0 | DI36: =SUM(DC36:DH36) -> 0 | DP36: =SUM(DJ36:DO36) -> 0 | DW36: =SUM(DQ36:DV36) -> 0 | ED36: =SUM(DX36:EC36) -> 0 | ER36: =SUM(EL36:EQ36) -> 0 | EY36: =SUM(ES36:EX36) -> 0 | FF36: =SUM(EZ36:FE36) -> 0 | FT36: =SUM(FN36:FS36) -> 0 | GA36: =SUM(FU36:FZ36) -> 0 | GH36: =SUM(GB36:GG36) -> 0 | GV36: =SUM(GP36:GU36) -> 0 | HC36: =SUM(GW36:HB36) -> 0 | HJ36: =SUM(HD36:HI36) -> 0
A37: 15.30-15.45 | B37: 42 | C37: 7 | D37: 1 | F37: 1 | G37: 3 | H37: =SUM(B37:G37) -> 54 | I37: 40 | J37: 12 | O37: =SUM(I37:N37) -> 52 | P37: 25 | Q37: 5 | V37: =SUM(P37:U37) -> 30 | AC37: =SUM(W37:AB37) -> 0 | AD37: 57 | AE37: 19 | AJ37: =SUM(AD37:AI37) -> 76 | AK37: 168 | AL37: 44 | AN37: 1 | AO37: 5 | AP37: 1 | AQ37: =SUM(AK37:AP37) -> 219 | AR37: 29 | AS37: 6 | AX37: =SUM(AR37:AW37) -> 35 | AY37: 58 | AZ37: 26 | BC37: 2 | BD37: 1 | BE37: =SUM(AY37:BD37) -> 87 | BF37: 3 | BL37: =SUM(BF37:BK37) -> 3 | BM37: 57 | BN37: 16 | BS37: =SUM(BM37:BR37) -> 73 | BT37: 37 | BU37: 19 | BZ37: =SUM(BT37:BY37) -> 56 | CG37: =SUM(CA37:CF37) -> 0 | CH37: 42 | CI37: 12 | CL37: 1 | CN37: =SUM(CH37:CM37) -> 55 | CO37: 103 | CP37: 28 | CS37: 2 | CT37: 1 | CU37: =SUM(CO37:CT37) -> 134 | DB37: =SUM(CV37:DA37) -> 0 | DI37: =SUM(DC37:DH37) -> 0 | DP37: =SUM(DJ37:DO37) -> 0 | DW37: =SUM(DQ37:DV37) -> 0 | ED37: =SUM(DX37:EC37) -> 0 | ER37: =SUM(EL37:EQ37) -> 0 | EY37: =SUM(ES37:EX37) -> 0 | FF37: =SUM(EZ37:FE37) -> 0 | FT37: =SUM(FN37:FS37) -> 0 | GA37: =SUM(FU37:FZ37) -> 0 | GH37: =SUM(GB37:GG37) -> 0 | GV37: =SUM(GP37:GU37) -> 0 | HC37: =SUM(GW37:HB37) -> 0 | HJ37: =SUM(HD37:HI37) -> 0
A38: 15.45-16.00 | B38: 35 | C38: 11 | H38: =SUM(B38:G38) -> 46 | I38: 37 | J38: 9 | O38: =SUM(I38:N38) -> 46 | P38: 20 | Q38: 9 | V38: =SUM(P38:U38) -> 29 | AC38: =SUM(W38:AB38) -> 0 | AD38: 49 | AE38: 21 | AH38: 1 | AJ38: =SUM(AD38:AI38) -> 71 | AK38: 137 | AL38: 57 | AM38: 1 | AO38: 4 | AQ38: =SUM(AK38:AP38) -> 199 | AR38: 33 | AS38: 8 | AX38: =SUM(AR38:AW38) -> 41 | AY38: 62 | AZ38: 13 | BC38: 1 | BE38: =SUM(AY38:BD38) -> 76 | BF38: 5 | BL38: =SUM(BF38:BK38) -> 5 | BM38: 64 | BN38: 15 | BQ38: 1 | BS38: =SUM(BM38:BR38) -> 80 | BT38: 51 | BU38: 12 | BZ38: =SUM(BT38:BY38) -> 63 | CG38: =SUM(CA38:CF38) -> 0 | CH38: 40 | CI38: 10 | CN38: =SUM(CH38:CM38) -> 50 | CO38: 117 | CP38: 20 | CS38: 2 | CU38: =SUM(CO38:CT38) -> 139 | DB38: =SUM(CV38:DA38) -> 0 | DI38: =SUM(DC38:DH38) -> 0 | DP38: =SUM(DJ38:DO38) -> 0 | DW38: =SUM(DQ38:DV38) -> 0 | ED38: =SUM(DX38:EC38) -> 0 | ER38: =SUM(EL38:EQ38) -> 0 | EY38: =SUM(ES38:EX38) -> 0 | FF38: =SUM(EZ38:FE38) -> 0 | FT38: =SUM(FN38:FS38) -> 0 | GA38: =SUM(FU38:FZ38) -> 0 | GH38: =SUM(GB38:GG38) -> 0 | GV38: =SUM(GP38:GU38) -> 0 | HC38: =SUM(GW38:HB38) -> 0 | HJ38: =SUM(HD38:HI38) -> 0
A39: 16.00-16.15 | B39: 38 | C39: 9 | F39: 2 | G39: 1 | H39: =SUM(B39:G39) -> 50 | I39: 28 | J39: 13 | O39: =SUM(I39:N39) -> 41 | P39: 26 | Q39: 12 | T39: 1 | V39: =SUM(P39:U39) -> 39 | AC39: =SUM(W39:AB39) -> 0 | AD39: 61 | AE39: 17 | AJ39: =SUM(AD39:AI39) -> 78 | AK39: 159 | AL39: 46 | AO39: 2 | AQ39: =SUM(AK39:AP39) -> 207 | AR39: 39 | AS39: 10 | AV39: 1 | AW39: 1 | AX39: =SUM(AR39:AW39) -> 51 | AY39: 50 | AZ39: 25 | BD39: 1 | BE39: =SUM(AY39:BD39) -> 76 | BF39: 7 | BG39: 2 | BJ39: 2 | BL39: =SUM(BF39:BK39) -> 11 | BM39: 59 | BN39: 17 | BS39: =SUM(BM39:BR39) -> 76 | BT39: 42 | BU39: 21 | BZ39: =SUM(BT39:BY39) -> 63 | CG39: =SUM(CA39:CF39) -> 0 | CH39: 46 | CI39: 7 | CL39: 1 | CN39: =SUM(CH39:CM39) -> 54 | CO39: 129 | CP39: 40 | CR39: 2 | CS39: 4 | CU39: =SUM(CO39:CT39) -> 175 | DB39: =SUM(CV39:DA39) -> 0 | DI39: =SUM(DC39:DH39) -> 0 | DP39: =SUM(DJ39:DO39) -> 0 | DW39: =SUM(DQ39:DV39) -> 0 | ED39: =SUM(DX39:EC39) -> 0 | ER39: =SUM(EL39:EQ39) -> 0 | EY39: =SUM(ES39:EX39) -> 0 | FF39: =SUM(EZ39:FE39) -> 0 | FT39: =SUM(FN39:FS39) -> 0 | GA39: =SUM(FU39:FZ39) -> 0 | GH39: =SUM(GB39:GG39) -> 0 | GV39: =SUM(GP39:GU39) -> 0 | HC39: =SUM(GW39:HB39) -> 0 | HJ39: =SUM(HD39:HI39) -> 0
A40: 16.15-16.30 | B40: 46 | C40: 9 | H40: =SUM(B40:G40) -> 55 | I40: 32 | J40: 10 | O40: =SUM(I40:N40) -> 42 | P40: 24 | Q40: 14 | T40: 2 | V40: =SUM(P40:U40) -> 40 | AC40: =SUM(W40:AB40) -> 0 | AD40: 54 | AE40: 14 | AF40: 1 | AI40: 1 | AJ40: =SUM(AD40:AI40) -> 70 | AK40: 172 | AL40: 51 | AM40: 1 | AO40: 1 | AQ40: =SUM(AK40:AP40) -> 225 | AR40: 37 | AS40: 8 | AV40: 1 | AX40: =SUM(AR40:AW40) -> 46 | AY40: 41 | AZ40: 18 | BA40: 2 | BC40: 1 | BE40: =SUM(AY40:BD40) -> 62 | BF40: 4 | BG40: 1 | BJ40: 2 | BL40: =SUM(BF40:BK40) -> 7 | BM40: 62 | BN40: 14 | BS40: =SUM(BM40:BR40) -> 76 | BT40: 47 | BU40: 13 | BZ40: =SUM(BT40:BY40) -> 60 | CG40: =SUM(CA40:CF40) -> 0 | CH40: 53 | CI40: 8 | CN40: =SUM(CH40:CM40) -> 61 | CO40: 133 | CP40: 43 | CS40: 2 | CU40: =SUM(CO40:CT40) -> 178 | DB40: =SUM(CV40:DA40) -> 0 | DI40: =SUM(DC40:DH40) -> 0 | DP40: =SUM(DJ40:DO40) -> 0 | DW40: =SUM(DQ40:DV40) -> 0 | ED40: =SUM(DX40:EC40) -> 0 | ER40: =SUM(EL40:EQ40) -> 0 | EY40: =SUM(ES40:EX40) -> 0 | FF40: =SUM(EZ40:FE40) -> 0 | FT40: =SUM(FN40:FS40) -> 0 | GA40: =SUM(FU40:FZ40) -> 0 | GH40: =SUM(GB40:GG40) -> 0 | GV40: =SUM(GP40:GU40) -> 0 | HC40: =SUM(GW40:HB40) -> 0 | HJ40: =SUM(HD40:HI40) -> 0
A41: 16.30-16.45 | B41: 52 | C41: 5 | H41: =SUM(B41:G41) -> 57 | I41: 39 | J41: 12 | O41: =SUM(I41:N41) -> 51 | P41: 28 | Q41: 10 | V41: =SUM(P41:U41) -> 38 | AC41: =SUM(W41:AB41) -> 0 | AD41: 63 | AE41: 18 | AH41: 1 | AJ41: =SUM(AD41:AI41) -> 82 | AK41: 151 | AL41: 43 | AM41: 3 | AN41: 1 | AO41: 3 | AQ41: =SUM(AK41:AP41) -> 201 | AR41: 42 | AS41: 6 | AX41: =SUM(AR41:AW41) -> 48 | AY41: 63 | AZ41: 31 | BE41: =SUM(AY41:BD41) -> 94 | BF41: 3 | BG41: 1 | BL41: =SUM(BF41:BK41) -> 4 | BM41: 58 | BN41: 16 | BQ41: 1 | BS41: =SUM(BM41:BR41) -> 75 | BT41: 56 | BU41: 19 | BZ41: =SUM(BT41:BY41) -> 75 | CG41: =SUM(CA41:CF41) -> 0 | CH41: 51 | CI41: 8 | CL41: 2 | CN41: =SUM(CH41:CM41) -> 61 | CO41: 104 | CP41: 34 | CU41: =SUM(CO41:CT41) -> 138 | DB41: =SUM(CV41:DA41) -> 0 | DI41: =SUM(DC41:DH41) -> 0 | DP41: =SUM(DJ41:DO41) -> 0 | DW41: =SUM(DQ41:DV41) -> 0 | ED41: =SUM(DX41:EC41) -> 0 | ER41: =SUM(EL41:EQ41) -> 0 | EY41: =SUM(ES41:EX41) -> 0 | FF41: =SUM(EZ41:FE41) -> 0 | FT41: =SUM(FN41:FS41) -> 0 | GA41: =SUM(FU41:FZ41) -> 0 | GH41: =SUM(GB41:GG41) -> 0 | GV41: =SUM(GP41:GU41) -> 0 | HC41: =SUM(GW41:HB41) -> 0 | HJ41: =SUM(HD41:HI41) -> 0
A42: 16.45-17.00 | B42: 55 | C42: 8 | F42: 1 | G42: 1 | H42: =SUM(B42:G42) -> 65 | I42: 30 | J42: 10 | O42: =SUM(I42:N42) -> 40 | P42: 33 | Q42: 15 | T42: 1 | V42: =SUM(P42:U42) -> 49 | AC42: =SUM(W42:AB42) -> 0 | AD42: 70 | AE42: 22 | AH42: 2 | AJ42: =SUM(AD42:AI42) -> 94 | AK42: 160 | AL42: 38 | AM42: 2 | AO42: 1 | AP42: 1 | AQ42: =SUM(AK42:AP42) -> 202 | AR42: 45 | AS42: 6 | AW42: 1 | AX42: =SUM(AR42:AW42) -> 52 | AY42: 55 | AZ42: 22 | BA42: 1 | BC42: 1 | BE42: =SUM(AY42:BD42) -> 79 | BF42: 9 | BL42: =SUM(BF42:BK42) -> 9 | BM42: 59 | BN42: 12 | BS42: =SUM(BM42:BR42) -> 71 | BT42: 69 | BU42: 8 | BZ42: =SUM(BT42:BY42) -> 77 | CG42: =SUM(CA42:CF42) -> 0 | CH42: 59 | CI42: 9 | CL42: 1 | CM42: 1 | CN42: =SUM(CH42:CM42) -> 70 | CO42: 128 | CP42: 30 | CS42: 1 | CU42: =SUM(CO42:CT42) -> 159 | DB42: =SUM(CV42:DA42) -> 0 | DI42: =SUM(DC42:DH42) -> 0 | DP42: =SUM(DJ42:DO42) -> 0 | DW42: =SUM(DQ42:DV42) -> 0 | ED42: =SUM(DX42:EC42) -> 0 | ER42: =SUM(EL42:EQ42) -> 0 | EY42: =SUM(ES42:EX42) -> 0 | FF42: =SUM(EZ42:FE42) -> 0 | FT42: =SUM(FN42:FS42) -> 0 | GA42: =SUM(FU42:FZ42) -> 0 | GH42: =SUM(GB42:GG42) -> 0 | GV42: =SUM(GP42:GU42) -> 0 | HC42: =SUM(GW42:HB42) -> 0 | HJ42: =SUM(HD42:HI42) -> 0
A43: 17.00-17.15 | B43: 49 | C43: 6 | H43: =SUM(B43:G43) -> 55 | I43: 28 | J43: 8 | O43: =SUM(I43:N43) -> 36 | P43: 24 | Q43: 8 | V43: =SUM(P43:U43) -> 32 | AC43: =SUM(W43:AB43) -> 0 | AD43: 52 | AE43: 20 | AI43: 1 | AJ43: =SUM(AD43:AI43) -> 73 | AK43: 148 | AL43: 42 | AM43: 1 | AO43: 4 | AP43: 1 | AQ43: =SUM(AK43:AP43) -> 196 | AR43: 38 | AS43: 4 | AX43: =SUM(AR43:AW43) -> 42 | AY43: 61 | AZ43: 19 | BD43: 2 | BE43: =SUM(AY43:BD43) -> 82 | BF43: 2 | BG43: 2 | BL43: =SUM(BF43:BK43) -> 4 | BM43: 61 | BN43: 17 | BS43: =SUM(BM43:BR43) -> 78 | BT43: 78 | BU43: 14 | BZ43: =SUM(BT43:BY43) -> 92 | CG43: =SUM(CA43:CF43) -> 0 | CH43: 65 | CI43: 12 | CM43: 1 | CN43: =SUM(CH43:CM43) -> 78 | CO43: 133 | CP43: 47 | CS43: 3 | CU43: =SUM(CO43:CT43) -> 183 | DB43: =SUM(CV43:DA43) -> 0 | DI43: =SUM(DC43:DH43) -> 0 | DP43: =SUM(DJ43:DO43) -> 0 | DW43: =SUM(DQ43:DV43) -> 0 | ED43: =SUM(DX43:EC43) -> 0 | ER43: =SUM(EL43:EQ43) -> 0 | EY43: =SUM(ES43:EX43) -> 0 | FF43: =SUM(EZ43:FE43) -> 0 | FT43: =SUM(FN43:FS43) -> 0 | GA43: =SUM(FU43:FZ43) -> 0 | GH43: =SUM(GB43:GG43) -> 0 | GV43: =SUM(GP43:GU43) -> 0 | HC43: =SUM(GW43:HB43) -> 0 | HJ43: =SUM(HD43:HI43) -> 0
A44: 17.15-17.30 | B44: 51 | C44: 4 | F44: 2 | H44: =SUM(B44:G44) -> 57 | I44: 20 | J44: 10 | O44: =SUM(I44:N44) -> 30 | P44: 30 | Q44: 10 | V44: =SUM(P44:U44) -> 40 | AC44: =SUM(W44:AB44) -> 0 | AD44: 58 | AE44: 28 | AF44: 1 | AJ44: =SUM(AD44:AI44) -> 87 | AK44: 174 | AL44: 37 | AN44: 1 | AO44: 2 | AQ44: =SUM(AK44:AP44) -> 214 | AR44: 46 | AS44: 7 | AV44: 2 | AW44: 1 | AX44: =SUM(AR44:AW44) -> 56 | AY44: 40 | AZ44: 18 | BC44: 3 | BE44: =SUM(AY44:BD44) -> 61 | BF44: 4 | BJ44: 1 | BL44: =SUM(BF44:BK44) -> 5 | BM44: 54 | BN44: 14 | BQ44: 2 | BS44: =SUM(BM44:BR44) -> 70 | BT44: 70 | BU44: 19 | BZ44: =SUM(BT44:BY44) -> 89 | CG44: =SUM(CA44:CF44) -> 0 | CH44: 71 | CI44: 12 | CL44: 1 | CN44: =SUM(CH44:CM44) -> 84 | CO44: 140 | CP44: 52 | CU44: =SUM(CO44:CT44) -> 192 | DB44: =SUM(CV44:DA44) -> 0 | DI44: =SUM(DC44:DH44) -> 0 | DP44: =SUM(DJ44:DO44) -> 0 | DW44: =SUM(DQ44:DV44) -> 0 | ED44: =SUM(DX44:EC44) -> 0 | ER44: =SUM(EL44:EQ44) -> 0 | EY44: =SUM(ES44:EX44) -> 0 | FF44: =SUM(EZ44:FE44) -> 0 | FT44: =SUM(FN44:FS44) -> 0 | GA44: =SUM(FU44:FZ44) -> 0 | GH44: =SUM(GB44:GG44) -> 0 | GV44: =SUM(GP44:GU44) -> 0 | HC44: =SUM(GW44:HB44) -> 0 | HJ44: =SUM(HD44:HI44) -> 0
A45: 17.30-17.45 | B45: 55 | C45: 10 | D45: 1 | G45: 2 | H45: =SUM(B45:G45) -> 68 | I45: 25 | J45: 9 | O45: =SUM(I45:N45) -> 34 | P45: 16 | Q45: 3 | V45: =SUM(P45:U45) -> 19 | AC45: =SUM(W45:AB45) -> 0 | AD45: 47 | AE45: 19 | AJ45: =SUM(AD45:AI45) -> 66 | AK45: 163 | AL45: 43 | AM45: 2 | AN45: 1 | AO45: 1 | AQ45: =SUM(AK45:AP45) -> 210 | AR45: 40 | AS45: 11 | AW45: 1 | AX45: =SUM(AR45:AW45) -> 52 | AY45: 52 | AZ45: 16 | BA45: 1 | BC45: 2 | BE45: =SUM(AY45:BD45) -> 71 | BF45: 6 | BG45: 4 | BL45: =SUM(BF45:BK45) -> 10 | BM45: 62 | BN45: 12 | BO45: 1 | BS45: =SUM(BM45:BR45) -> 75 | BT45: 52 | BU45: 23 | BZ45: =SUM(BT45:BY45) -> 75 | CG45: =SUM(CA45:CF45) -> 0 | CH45: 68 | CI45: 8 | CN45: =SUM(CH45:CM45) -> 76 | CO45: 103 | CP45: 42 | CR45: 1 | CS45: 1 | CT45: 1 | CU45: =SUM(CO45:CT45) -> 148 | DB45: =SUM(CV45:DA45) -> 0 | DI45: =SUM(DC45:DH45) -> 0 | DP45: =SUM(DJ45:DO45) -> 0 | DW45: =SUM(DQ45:DV45) -> 0 | ED45: =SUM(DX45:EC45) -> 0 | ER45: =SUM(EL45:EQ45) -> 0 | EY45: =SUM(ES45:EX45) -> 0 | FF45: =SUM(EZ45:FE45) -> 0 | FT45: =SUM(FN45:FS45) -> 0 | GA45: =SUM(FU45:FZ45) -> 0 | GH45: =SUM(GB45:GG45) -> 0 | GV45: =SUM(GP45:GU45) -> 0 | HC45: =SUM(GW45:HB45) -> 0 | HJ45: =SUM(HD45:HI45) -> 0
A46: 17.45-18.00 | B46: 43 | C46: 8 | F46: 1 | H46: =SUM(B46:G46) -> 52 | I46: 31 | J46: 9 | O46: =SUM(I46:N46) -> 40 | P46: 23 | Q46: 7 | V46: =SUM(P46:U46) -> 30 | AC46: =SUM(W46:AB46) -> 0 | AD46: 62 | AE46: 16 | AJ46: =SUM(AD46:AI46) -> 78 | AK46: 148 | AL46: 40 | AO46: 1 | AQ46: =SUM(AK46:AP46) -> 189 | AR46: 37 | AS46: 9 | AX46: =SUM(AR46:AW46) -> 46 | AY46: 38 | AZ46: 25 | BC46: 4 | BD46: 1 | BE46: =SUM(AY46:BD46) -> 68 | BF46: 3 | BG46: 1 | BL46: =SUM(BF46:BK46) -> 4 | BM46: 59 | BN46: 17 | BQ46: 1 | BS46: =SUM(BM46:BR46) -> 77 | BT46: 84 | BU46: 6 | BZ46: =SUM(BT46:BY46) -> 90 | CG46: =SUM(CA46:CF46) -> 0 | CH46: 73 | CI46: 10 | CM46: 1 | CN46: =SUM(CH46:CM46) -> 84 | CO46: 176 | CP46: 58 | CQ46: 1 | CS46: 1 | CT46: 1 | CU46: =SUM(CO46:CT46) -> 237 | DB46: =SUM(CV46:DA46) -> 0 | DI46: =SUM(DC46:DH46) -> 0 | DP46: =SUM(DJ46:DO46) -> 0 | DW46: =SUM(DQ46:DV46) -> 0 | ED46: =SUM(DX46:EC46) -> 0 | ER46: =SUM(EL46:EQ46) -> 0 | EY46: =SUM(ES46:EX46) -> 0 | FF46: =SUM(EZ46:FE46) -> 0 | FT46: =SUM(FN46:FS46) -> 0 | GA46: =SUM(FU46:FZ46) -> 0 | GH46: =SUM(GB46:GG46) -> 0 | GV46: =SUM(GP46:GU46) -> 0 | HC46: =SUM(GW46:HB46) -> 0 | HJ46: =SUM(HD46:HI46) -> 0
A47: 18.00-18.15 | B47: 46 | C47: 5 | F47: 1 | H47: =SUM(B47:G47) -> 52 | I47: 26 | J47: 11 | O47: =SUM(I47:N47) -> 37 | P47: 19 | Q47: 6 | V47: =SUM(P47:U47) -> 25 | AC47: =SUM(W47:AB47) -> 0 | AD47: 56 | AE47: 15 | AH47: 1 | AJ47: =SUM(AD47:AI47) -> 72 | AK47: 159 | AL47: 35 | AM47: 1 | AO47: 2 | AQ47: =SUM(AK47:AP47) -> 197 | AR47: 45 | AS47: 6 | AX47: =SUM(AR47:AW47) -> 51 | AY47: 53 | AZ47: 12 | BE47: =SUM(AY47:BD47) -> 65 | BF47: 2 | BL47: =SUM(BF47:BK47) -> 2 | BM47: 49 | BN47: 14 | BO47: 1 | BS47: =SUM(BM47:BR47) -> 64 | BT47: 75 | BU47: 10 | BZ47: =SUM(BT47:BY47) -> 85 | CG47: =SUM(CA47:CF47) -> 0 | CH47: 67 | CI47: 13 | CN47: =SUM(CH47:CM47) -> 80 | CO47: 166 | CP47: 48 | CQ47: 1 | CR47: 2 | CU47: =SUM(CO47:CT47) -> 217 | DB47: =SUM(CV47:DA47) -> 0 | DI47: =SUM(DC47:DH47) -> 0 | DP47: =SUM(DJ47:DO47) -> 0 | DW47: =SUM(DQ47:DV47) -> 0 | ED47: =SUM(DX47:EC47) -> 0 | ER47: =SUM(EL47:EQ47) -> 0 | EY47: =SUM(ES47:EX47) -> 0 | FF47: =SUM(EZ47:FE47) -> 0 | FT47: =SUM(FN47:FS47) -> 0 | GA47: =SUM(FU47:FZ47) -> 0 | GH47: =SUM(GB47:GG47) -> 0 | GV47: =SUM(GP47:GU47) -> 0 | HC47: =SUM(GW47:HB47) -> 0 | HJ47: =SUM(HD47:HI47) -> 0
A48: 18.15-18.30 | B48: 38 | C48: 5 | G48: 1 | H48: =SUM(B48:G48) -> 44 | I48: 20 | J48: 9 | O48: =SUM(I48:N48) -> 29 | P48: 15 | Q48: 4 | V48: =SUM(P48:U48) -> 19 | AC48: =SUM(W48:AB48) -> 0 | AD48: 60 | AE48: 23 | AJ48: =SUM(AD48:AI48) -> 83 | AK48: 134 | AL48: 31 | AM48: 1 | AQ48: =SUM(AK48:AP48) -> 166 | AR48: 53 | AS48: 5 | AV48: 1 | AW48: 1 | AX48: =SUM(AR48:AW48) -> 60 | AY48: 46 | AZ48: 24 | BE48: =SUM(AY48:BD48) -> 70 | BF48: 2 | BL48: =SUM(BF48:BK48) -> 2 | BM48: 37 | BN48: 12 | BQ48: 1 | BS48: =SUM(BM48:BR48) -> 50 | BT48: 62 | BU48: 8 | BZ48: =SUM(BT48:BY48) -> 70 | CG48: =SUM(CA48:CF48) -> 0 | CH48: 65 | CI48: 9 | CN48: =SUM(CH48:CM48) -> 74 | CO48: 148 | CP48: 46 | CU48: =SUM(CO48:CT48) -> 194 | DB48: =SUM(CV48:DA48) -> 0 | DI48: =SUM(DC48:DH48) -> 0 | DP48: =SUM(DJ48:DO48) -> 0 | DW48: =SUM(DQ48:DV48) -> 0 | ED48: =SUM(DX48:EC48) -> 0 | ER48: =SUM(EL48:EQ48) -> 0 | EY48: =SUM(ES48:EX48) -> 0 | FF48: =SUM(EZ48:FE48) -> 0 | FT48: =SUM(FN48:FS48) -> 0 | GA48: =SUM(FU48:FZ48) -> 0 | GH48: =SUM(GB48:GG48) -> 0 | GV48: =SUM(GP48:GU48) -> 0 | HC48: =SUM(GW48:HB48) -> 0 | HJ48: =SUM(HD48:HI48) -> 0
A49: 18.30-18.45 | B49: 41 | C49: 7 | H49: =SUM(B49:G49) -> 48 | I49: 24 | J49: 10 | O49: =SUM(I49:N49) -> 34 | P49: 17 | Q49: 3 | V49: =SUM(P49:U49) -> 20 | AC49: =SUM(W49:AB49) -> 0 | AD49: 54 | AE49: 12 | AJ49: =SUM(AD49:AI49) -> 66 | AK49: 141 | AL49: 34 | AO49: 2 | AQ49: =SUM(AK49:AP49) -> 177 | AR49: 48 | AS49: 9 | AW49: 1 | AX49: =SUM(AR49:AW49) -> 58 | AY49: 56 | AZ49: 15 | BC49: 1 | BE49: =SUM(AY49:BD49) -> 72 | BF49: 5 | BG49: 2 | BL49: =SUM(BF49:BK49) -> 7 | BM49: 28 | BN49: 13 | BS49: =SUM(BM49:BR49) -> 41 | BT49: 68 | BU49: 11 | BZ49: =SUM(BT49:BY49) -> 79 | CG49: =SUM(CA49:CF49) -> 0 | CH49: 70 | CI49: 6 | CN49: =SUM(CH49:CM49) -> 76 | CO49: 153 | CP49: 41 | CU49: =SUM(CO49:CT49) -> 194 | DB49: =SUM(CV49:DA49) -> 0 | DI49: =SUM(DC49:DH49) -> 0 | DP49: =SUM(DJ49:DO49) -> 0 | DW49: =SUM(DQ49:DV49) -> 0 | ED49: =SUM(DX49:EC49) -> 0 | ER49: =SUM(EL49:EQ49) -> 0 | EY49: =SUM(ES49:EX49) -> 0 | FF49: =SUM(EZ49:FE49) -> 0 | FT49: =SUM(FN49:FS49) -> 0 | GA49: =SUM(FU49:FZ49) -> 0 | GH49: =SUM(GB49:GG49) -> 0 | GV49: =SUM(GP49:GU49) -> 0 | HC49: =SUM(GW49:HB49) -> 0 | HJ49: =SUM(HD49:HI49) -> 0
A50: 18.45-19.00 | B50: 35 | C50: 4 | F50: 1 | H50: =SUM(B50:G50) -> 40 | I50: 22 | J50: 12 | O50: =SUM(I50:N50) -> 34 | P50: 13 | Q50: 6 | V50: =SUM(P50:U50) -> 19 | AC50: =SUM(W50:AB50) -> 0 | AD50: 43 | AE50: 18 | AJ50: =SUM(AD50:AI50) -> 61 | AK50: 135 | AL50: 30 | AO50: 1 | AQ50: =SUM(AK50:AP50) -> 166 | AR50: 42 | AS50: 5 | AX50: =SUM(AR50:AW50) -> 47 | AY50: 37 | AZ50: 21 | BE50: =SUM(AY50:BD50) -> 58 | BF50: 3 | BL50: =SUM(BF50:BK50) -> 3 | BM50: 31 | BN50: 13 | BS50: =SUM(BM50:BR50) -> 44 | BT50: 51 | BU50: 10 | BZ50: =SUM(BT50:BY50) -> 61 | CG50: =SUM(CA50:CF50) -> 0 | CH50: 62 | CI50: 5 | CL50: 1 | CM50: 1 | CN50: =SUM(CH50:CM50) -> 69 | CO50: 156 | CP50: 38 | CR50: 1 | CU50: =SUM(CO50:CT50) -> 195 | DB50: =SUM(CV50:DA50) -> 0 | DI50: =SUM(DC50:DH50) -> 0 | DP50: =SUM(DJ50:DO50) -> 0 | DW50: =SUM(DQ50:DV50) -> 0 | ED50: =SUM(DX50:EC50) -> 0 | ER50: =SUM(EL50:EQ50) -> 0 | EY50: =SUM(ES50:EX50) -> 0 | FF50: =SUM(EZ50:FE50) -> 0 | FT50: =SUM(FN50:FS50) -> 0 | GA50: =SUM(FU50:FZ50) -> 0 | GH50: =SUM(GB50:GG50) -> 0 | GV50: =SUM(GP50:GU50) -> 0 | HC50: =SUM(GW50:HB50) -> 0 | HJ50: =SUM(HD50:HI50) -> 0

Sheet Queue
A1: NB | B1: 01 | C1: 02 | D1: 03 | E1: 04 | F1: 05 | G1: 06 | H1: 07 | I1: 08 | J1: 09 | K1: 10 | L1: 11 | M1: 12 | N1: 13 | O1: 14 | P1: 15 | Q1: 16 | R1: 17 | S1: 18 | T1: 19 | U1: 20 | V1: 21 | W1: 22 | X1: 23 | Y1: 24 | Z1: 25 | AA1: 26 | AB1: 27 | AC1: 28 | AD1: 29 | AE1: 30 | AF1: 31 | AG1: 32 | AH1: 33 | AI1: 34 | AJ1: 35
A2: 7.00-8.00 | B2: 50 | C2: 50 | D2: 50 | E2: 50 | F2: 50 | G2: 50 | H2: 50 | I2: 80 | J2: 80 | K2: 80 | L2: 80 | M2: 100 | N2: 100 | O2: 100 | P2: 100 | Q2: 100 | AK2: =COUNTA(B2:AJ2) -> 16 | AL2: =SUM(B2:AJ2)/AK2 -> 73.125
A3: 8.01-9.00 | B3: 100 | C3: 80 | D3: 80 | AK3: =COUNTA(B3:AJ3) -> 3 | AL3: =SUM(B3:AJ3)/AK3 -> 86.666667
A4: 9.01-10.00 | B4: 80 | C4: 50 | D4: 50 | E4: 50 | F4: 50 | AK4: =COUNTA(B4:AJ4) -> 5 | AL4: =SUM(B4:AJ4)/AK4 -> 56
A5: 10.01-11.00 | B5: 50 | AK5: =COUNTA(B5:AJ5) -> 1 | AL5: =SUM(B5:AJ5)/AK5 -> 50
A6: 11.01-12.00 | B6: 80 | AK6: =COUNTA(B6:AJ6) -> 1 | AL6: =SUM(B6:AJ6)/AK6 -> 80
A7: 12.01-13.00 | B7: 80 | C7: 80 | D7: 80 | E7: 100 | F7: 100 | G7: 100 | H7: 100 | I7: 80 | J7: 80 | K7: 80 | L7: 80 | M7: 80 | N7: 80 | O7: 80 | P7: 80 | AK7: =COUNTA(B7:AJ7) -> 15 | AL7: =SUM(B7:AJ7)/AK7 -> 85.333333
A8: 13.01-14.00 | B8: 80 | AK8: =COUNTA(B8:AJ8) -> 1 | AL8: =SUM(B8:AJ8)/AK8 -> 80
A9: 14.01-15.00 | B9: 80 | C9: 80 | D9: 80 | E9: 80 | F9: 90 | G9: 90 | H9: 90 | I9: 90 | J9: 90 | K9: 90 | L9: 90 | M9: 100 | N9: 100 | AK9: =COUNTA(B9:AJ9) -> 13 | AL9: =SUM(B9:AJ9)/AK9 -> 88.461538
A10: 15.01-16.00 | B10: 100 | C10: 100 | D10: 100 | E10: 100 | F10: 100 | G10: 100 | H10: 100 | I10: 80 | AK10: =COUNTA(B10:AJ10) -> 8 | AL10: =SUM(B10:AJ10)/AK10 -> 97.5
A11: 16.01-17.00 | B11: 80 | C11: 110 | D11: 110 | E11: 100 | F11: 100 | G11: 100 | H11: 100 | AK11: =COUNTA(B11:AJ11) -> 7 | AL11: =SUM(B11:AJ11)/AK11 -> 100
A12: 17.01-18.00 | B12: 100 | C12: 80 | D12: 80 | E12: 80 | F12: 80 | G12: 80 | H12: 80 | I12: 80 | J12: 80 | K12: 80 | L12: 80 | M12: 80 | AK12: =COUNTA(B12:AJ12) -> 12 | AL12: =SUM(B12:AJ12)/AK12 -> 81.666667
A13: 18.01-19.00 | B13: 80 | C13: 70 | D13: 70 | E13: 70 | F13: 70 | G13: 70 | H13: 70 | I13: 70 | J13: 70 | K13: 70 | AK13: =COUNTA(B13:AJ13) -> 10 | AL13: =SUM(B13:AJ13)/AK13 -> 71
B14: 0
A15: EB | B15: 0
A16: 7.00-8.00 | B16: 80 | C16: 80 | D16: 80 | E16: 80 | F16: 80 | G16: 100 | H16: 100 | I16: 100 | J16: 100 | K16: 120 | L16: 120 | M16: 120 | N16: 150 | O16: 150 | P16: 180 | Q16: 180 | AK16: =COUNTA(B16:AJ16) -> 16 | AL16: =SUM(B16:AJ16)/AK16 -> 113.75
A17: 8.01-9.00 | B17: 200 | AK17: =COUNTA(B17:AJ17) -> 1 | AL17: =SUM(B17:AJ17)/AK17 -> 200
A18: 9.01-10.00 | B18: 180 | C18: 150 | D18: 150 | E18: 120 | F18: 120 | AK18: =COUNTA(B18:AJ18) -> 5 | AL18: =SUM(B18:AJ18)/AK18 -> 144
A19: 10.01-11.00 | B19: 120 | C19: 100 | D19: 100 | E19: 100 | AK19: =COUNTA(B19:AJ19) -> 4 | AL19: =SUM(B19:AJ19)/AK19 -> 105
A20: 11.01-12.00 | B20: 100 | C20: 100 | D20: 120 | E20: 120 | AK20: =COUNTA(B20:AJ20) -> 4 | AL20: =SUM(B20:AJ20)/AK20 -> 110
A21: 12.01-13.00 | B21: 120 | C21: 150 | D21: 150 | E21: 150 | F21: 150 | G21: 150 | H21: 120 | I21: 120 | J21: 120 | K21: 120 | L21: 120 | M21: 120 | N21: 120 | O21: 120 | P21: 120 | AK21: =COUNTA(B21:AJ21) -> 15 | AL21: =SUM(B21:AJ21)/AK21 -> 130
A22: 13.01-14.00 | B22: 120 | AK22: =COUNTA(B22:AJ22) -> 1 | AL22: =SUM(B22:AJ22)/AK22 -> 120
A23: 14.01-15.00 | B23: 120 | C23: 120 | D23: 120 | E23: 120 | F23: 120 | G23: 120 | H23: 120 | I23: 120 | J23: 120 | K23: 120 | L23: 120 | M23: 120 | N23: 150 | AK23: =COUNTA(B23:AJ23) -> 13 | AL23: =SUM(B23:AJ23)/AK23 -> 122.30769
A24: 15.01-16.00 | B24: 150 | C24: 150 | D24: 150 | E24: 150 | F24: 150 | G24: 100 | H24: 100 | I24: 120 | AK24: =COUNTA(B24:AJ24) -> 8 | AL24: =SUM(B24:AJ24)/AK24 -> 133.75
A25: 16.01-17.00 | B25: 120 | C25: 150 | D25: 150 | E25: 150 | F25: 150 | G25: 150 | H25: 150 | AK25: =COUNTA(B25:AJ25) -> 7 | AL25: =SUM(B25:AJ25)/AK25 -> 145.71429
A26: 17.01-18.00 | B26: 150 | AK26: =COUNTA(B26:AJ26) -> 1 | AL26: =SUM(B26:AJ26)/AK26 -> 150
A27: 18.01-19.00 | B27: 150 | AK27: =COUNTA(B27:AJ27) -> 1 | AL27: =SUM(B27:AJ27)/AK27 -> 150
B28: 0
A29: SB | B29: 0
A30: 7.00-8.00 | B30: 80 | C30: 80 | D30: 80 | E30: 80 | F30: 100 | G30: 100 | H30: 100 | I30: 100 | J30: 120 | K30: 120 | L30: 120 | M30: 120 | N30: 150 | O30: 150 | P30: 180 | AK30: =COUNTA(B30:AJ30) -> 15 | AL30: =SUM(B30:AJ30)/AK30 -> 112
A31: 8.01-9.00 | B31: 180 | C31: 200 | D31: 200 | E31: 200 | AK31: =COUNTA(B31:AJ31) -> 4 | AL31: =SUM(B31:AJ31)/AK31 -> 195
A32: 9.01-10.00 | B32: 180 | C32: 150 | D32: 120 | E32: 100 | F32: 80 | AK32: =COUNTA(B32:AJ32) -> 5 | AL32: =SUM(B32:AJ32)/AK32 -> 126
A33: 10.01-11.00 | B33: 80 | AK33: =COUNTA(B33:AJ33) -> 1 | AL33: =SUM(B33:AJ33)/AK33 -> 80
A34: 11.01-12.00 | B34: 80 | AK34: =COUNTA(B34:AJ34) -> 1 | AL34: =SUM(B34:AJ34)/AK34 -> 80
A35: 12.01-13.00 | B35: 80 | AK35: =COUNTA(B35:AJ35) -> 1 | AL35: =SUM(B35:AJ35)/AK35 -> 80
A36: 13.01-14.00 | B36: 80 | AK36: =COUNTA(B36:AJ36) -> 1 | AL36: =SUM(B36:AJ36)/AK36 -> 80
A37: 14.01-15.00 | B37: 80 | C37: 80 | D37: 90 | E37: 100 | F37: 100 | G37: 100 | H37: 100 | I37: 100 | J37: 100 | K37: 100 | L37: 100 | M37: 100 | N37: 100 | O37: 100 | AK37: =COUNTA(B37:AJ37) -> 14 | AL37: =SUM(B37:AJ37)/AK37 -> 96.428571
A38: 15.01-16.00 | B38: 100 | C38: 100 | D38: 100 | E38: 100 | F38: 100 | G38: 100 | H38: 100 | I38: 120 | AK38: =COUNTA(B38:AJ38) -> 8 | AL38: =SUM(B38:AJ38)/AK38 -> 102.5
A39: 16.01-17.00 | B39: 120 | AK39: =COUNTA(B39:AJ39) -> 1 | AL39: =SUM(B39:AJ39)/AK39 -> 120
A40: 17.01-18.00 | B40: 120 | AK40: =COUNTA(B40:AJ40) -> 1 | AL40: =SUM(B40:AJ40)/AK40 -> 120
A41: 18.01-19.00 | B41: 120 | C41: 100 | D41: 100 | E41: 100 | F41: 100 | G41: 100 | H41: 100 | I41: 100 | J41: 100 | AK41: =COUNTA(B41:AJ41) -> 9 | AL41: =SUM(B41:AJ41)/AK41 -> 102.22222
B42: 0
A43: WB | B43: 0
A44: 7.00-8.00 | B44: 80 | C44: 80 | D44: 80 | E44: 80 | F44: 80 | G44: 80 | H44: 80 | I44: 80 | J44: 100 | K44: 100 | L44: 100 | M44: 100 | N44: 120 | O44: 120 | P44: 120 | Q44: 150 | AK44: =COUNTA(B44:AJ44) -> 16 | AL44: =SUM(B44:AJ44)/AK44 -> 96.875
A45: 8.01-9.00 | B45: 150 | C45: 150 | D45: 120 | AK45: =COUNTA(B45:AJ45) -> 3 | AL45: =SUM(B45:AJ45)/AK45 -> 140
A46: 9.01-10.00 | B46: 100 | C46: 100 | D46: 100 | E46: 100 | F46: 80 | AK46: =COUNTA(B46:AJ46) -> 5 | AL46: =SUM(B46:AJ46)/AK46 -> 96
A47: 10.01-11.00 | B47: 80 | AK47: =COUNTA(B47:AJ47) -> 1 | AL47: =SUM(B47:AJ47)/AK47 -> 80
A48: 11.01-12.00 | B48: 80 | C48: 80 | D48: 80 | E48: 100 | AK48: =COUNTA(B48:AJ48) -> 4 | AL48: =SUM(B48:AJ48)/AK48 -> 85
A49: 12.01-13.00 | B49: 100 | C49: 100 | D49: 100 | E49: 100 | F49: 100 | G49: 100 | H49: 80 | I49: 80 | J49: 80 | K49: 80 | L49: 80 | M49: 80 | N49: 80 | O49: 80 | P49: 80 | AK49: =COUNTA(B49:AJ49) -> 15 | AL49: =SUM(B49:AJ49)/AK49 -> 88
A50: 13.01-14.00 | B50: 80 | AK50: =COUNTA(B50:AJ50) -> 1 | AL50: =SUM(B50:AJ50)/AK50 -> 80
A51: 14.01-15.00 | B51: 80 | C51: 80 | D51: 80 | E51: 80 | F51: 80 | G51: 80 | H51: 80 | I51: 90 | J51: 90 | K51: 100 | L51: 100 | M51: 100 | N51: 100 | AK51: =COUNTA(B51:AJ51) -> 13 | AL51: =SUM(B51:AJ51)/AK51 -> 87.692308
A52: 15.01-16.00 | B52: 100 | C52: 100 | D52: 100 | E52: 120 | F52: 120 | G52: 120 | H52: 120 | I52: 150 | AK52: =COUNTA(B52:AJ52) -> 8 | AL52: =SUM(B52:AJ52)/AK52 -> 116.25
A53: 16.01-17.00 | B53: 150 | AK53: =COUNTA(B53:AJ53) -> 1 | AL53: =SUM(B53:AJ53)/AK53 -> 150
A54: 17.01-18.00 | B54: 120 | C54: 120 | D54: 120 | E54: 120 | F54: 120 | G54: 120 | H54: 120 | I54: 120 | J54: 120 | K54: 120 | L54: 120 | M54: 100 | AK54: =COUNTA(B54:AJ54) -> 12 | AL54: =SUM(B54:AJ54)/AK54 -> 118.33333
A55: 18.01-19.00 | B55: 100 | C55: 120 | D55: 120 | E55: 120 | F55: 120 | G55: 100 | H55: 100 | I55: 100 | J55: 100 | K55: 100 | AK55: =COUNTA(B55:AJ55) -> 10 | AL55: =SUM(B55:AJ55)/AK55 -> 108

Sheet Report
A1: ชื่อทางแยก | B1: =Header!B3 -> หลักสี่ | I1: ข้อมูลปริมาณการจราจรบริเวณทางแยกในกรุงเทพมหานคร
A2: ถนน | B2: =Header!B6 -> แจ้งวัฒนะ - กำแพงเพชร | G2: หมายเลข | H2: =Header!B4 -> 500 | M2: วันที่ | N2: =Header!B7 -> 20 พฤษภาคม 2569 | S2: สภาพอากาศ | U2: =Header!B8 -> ปกติ
C3: SB | D3: =Header!B13 -> ถนนกำแพงเพชร 6 | G3: เวลา | J3: ปริมาณการจราจรแต่ละช่วงเวลา (คัน/ชม.) | P3: (ไม่รวมรถจักรยานยนต์) | U3: ปริมาณรถ | W3: เฉลี่ย
F4: ทิศทาง | H4: 07-08 | I4: 08-09 | J4: 09-10 | K4: 10-11 | L4: 11-12 | M4: 12-13 | N4: 13-14 | O4: 14-15 | P4: 15-16 | Q4: 16-17 | R4: 17-18 | S4: 18-19 | T4: รวม | U4: ค่าต่ำสุด | V4: ค่าสูงสุด | W4: PCU/HOUR
F5: NB | G5: 1 | H5: =VALUE(Analysis!$H$53) -> 208 | I5: =VALUE(Analysis!$H$54) -> 211 | J5: =VALUE(Analysis!$H$55) -> 182 | K5: =VALUE(Analysis!$H$56) -> 155 | L5: =VALUE(Analysis!$H$57) -> 154 | M5: =VALUE(Analysis!$H$58) -> 137 | N5: =VALUE(Analysis!$H$59) -> 131 | O5: =VALUE(Analysis!$H$60) -> 197 | P5: =VALUE(Analysis!$H$61) -> 193 | Q5: =VALUE(Analysis!$H$62) -> 227 | R5: =VALUE(Analysis!$H$63) -> 232 | S5: =VALUE(Analysis!$H$64) -> 184 | T5: =SUM($H5:$S5) -> 2211 | U5: =_xlfn.MINIFS($H5:$S5,$H5:$S5,">0") -> 131 | V5: =_xlfn.MAXIFS($H5:$S5,$H5:$S5,">0") -> 232 | W5: =VALUE(Analysis!$H$95) -> 187.6525
G6: 2 | H6: =VALUE(Analysis!$O$53) -> 117 | I6: =VALUE(Analysis!$O$54) -> 111 | J6: =VALUE(Analysis!$O$55) -> 250 | K6: =VALUE(Analysis!$O$56) -> 222 | L6: =VALUE(Analysis!$O$57) -> 245 | M6: =VALUE(Analysis!$O$58) -> 280 | N6: =VALUE(Analysis!$O$59) -> 238 | O6: =VALUE(Analysis!$O$60) -> 210 | P6: =VALUE(Analysis!$O$61) -> 198 | Q6: =VALUE(Analysis!$O$62) -> 174 | R6: =VALUE(Analysis!$O$63) -> 140 | S6: =VALUE(Analysis!$O$64) -> 134 | T6: =SUM($H6:$S6) -> 2319 | U6: =_xlfn.MINIFS($H6:$S6,$H6:$S6,">0") -> 111 | V6: =_xlfn.MAXIFS($H6:$S6,$H6:$S6,">0") -> 280 | W6: =VALUE(Analysis!$O$95) -> 193.48833
G7: 3 | H7: =VALUE(Analysis!$V$53) -> 127 | I7: =VALUE(Analysis!$V$54) -> 102 | J7: =VALUE(Analysis!$V$55) -> 107 | K7: =VALUE(Analysis!$V$56) -> 142 | L7: =VALUE(Analysis!$V$57) -> 124 | M7: =VALUE(Analysis!$V$58) -> 106 | N7: =VALUE(Analysis!$V$59) -> 125 | O7: =VALUE(Analysis!$V$60) -> 112 | P7: =VALUE(Analysis!$V$61) -> 122 | Q7: =VALUE(Analysis!$V$62) -> 166 | R7: =VALUE(Analysis!$V$63) -> 121 | S7: =VALUE(Analysis!$V$64) -> 83 | T7: =SUM($H7:$S7) -> 1437 | U7: =_xlfn.MINIFS($H7:$S7,$H7:$S7,">0") -> 83 | V7: =_xlfn.MAXIFS($H7:$S7,$H7:$S7,">0") -> 166 | W7: =VALUE(Analysis!$V$95) -> 121
A8: =Header!B12 -> ถนนแจ้งวัฒนะ | G8: 4 | H8: =VALUE(Analysis!$AC$53) -> 0 | I8: =VALUE(Analysis!$AC$54) -> 0 | J8: =VALUE(Analysis!$AC$55) -> 0 | K8: =VALUE(Analysis!$AC$56) -> 0 | L8: =VALUE(Analysis!$AC$57) -> 0 | M8: =VALUE(Analysis!$AC$58) -> 0 | N8: =VALUE(Analysis!$AC$59) -> 0 | O8: =VALUE(Analysis!$AC$60) -> 0 | P8: =VALUE(Analysis!$AC$61) -> 0 | Q8: =VALUE(Analysis!$AC$62) -> 0 | R8: =VALUE(Analysis!$AC$63) -> 0 | S8: =VALUE(Analysis!$AC$64) -> 0 | T8: =SUM($H8:$S8) -> 0 | U8: =_xlfn.MINIFS($H8:$S8,$H8:$S8,">0") -> 0 | V8: =_xlfn.MAXIFS($H8:$S8,$H8:$S8,">0") -> 0 | W8: =VALUE(Analysis!$AC$95) -> 0
G9: 1* | H9: =VALUE(Analysis!$DP$53) -> 0 | I9: =VALUE(Analysis!$DP$54) -> 0 | J9: =VALUE(Analysis!$DP$55) -> 0 | K9: =VALUE(Analysis!$DP$56) -> 0 | L9: =VALUE(Analysis!$DP$57) -> 0 | M9: =VALUE(Analysis!$DP$58) -> 0 | N9: =VALUE(Analysis!$DP$59) -> 0 | O9: =VALUE(Analysis!$DP$60) -> 0 | P9: =VALUE(Analysis!$DP$61) -> 0 | Q9: =VALUE(Analysis!$DP$62) -> 0 | R9: =VALUE(Analysis!$DP$63) -> 0 | S9: =VALUE(Analysis!$DP$64) -> 0 | T9: =SUM($H9:$S9) -> 0 | U9: =_xlfn.MINIFS($H9:$S9,$H9:$S9,">0") -> 0 | V9: =_xlfn.MAXIFS($H9:$S9,$H9:$S9,">0") -> 0 | W9: =VALUE(Analysis!$DP$95) -> 0
G10: 2* | H10: =VALUE(Analysis!$DW$53) -> 0 | I10: =VALUE(Analysis!$DW$54) -> 0 | J10: =VALUE(Analysis!$DW$55) -> 0 | K10: =VALUE(Analysis!$DW$56) -> 0 | L10: =VALUE(Analysis!$DW$57) -> 0 | M10: =VALUE(Analysis!$DW$58) -> 0 | N10: =VALUE(Analysis!$DW$59) -> 0 | O10: =VALUE(Analysis!$DW$60) -> 0 | P10: =VALUE(Analysis!$DW$61) -> 0 | Q10: =VALUE(Analysis!$DW$62) -> 0 | R10: =VALUE(Analysis!$DW$63) -> 0 | S10: =VALUE(Analysis!$DW$64) -> 0 | T10: =SUM($H10:$S10) -> 0 | U10: =_xlfn.MINIFS($H10:$S10,$H10:$S10,">0") -> 0 | V10: =_xlfn.MAXIFS($H10:$S10,$H10:$S10,">0") -> 0 | W10: =VALUE(Analysis!$DW$95) -> 0
G11: 3* | H11: =VALUE(Analysis!$ED$53) -> 0 | I11: =VALUE(Analysis!$ED$54) -> 0 | J11: =VALUE(Analysis!$ED$55) -> 0 | K11: =VALUE(Analysis!$ED$56) -> 0 | L11: =VALUE(Analysis!$ED$57) -> 0 | M11: =VALUE(Analysis!$ED$58) -> 0 | N11: =VALUE(Analysis!$ED$59) -> 0 | O11: =VALUE(Analysis!$ED$60) -> 0 | P11: =VALUE(Analysis!$ED$61) -> 0 | Q11: =VALUE(Analysis!$ED$62) -> 0 | R11: =VALUE(Analysis!$ED$63) -> 0 | S11: =VALUE(Analysis!$ED$64) -> 0 | T11: =SUM($H11:$S11) -> 0 | U11: =_xlfn.MINIFS($H11:$S11,$H11:$S11,">0") -> 0 | V11: =_xlfn.MAXIFS($H11:$S11,$H11:$S11,">0") -> 0 | W11: =VALUE(Analysis!$ED$95) -> 0
F12: เข้า | H12: =Analysis!$F68 -> 452 | I12: =Analysis!$F69 -> 424 | J12: =Analysis!$F70 -> 539 | K12: =Analysis!$F71 -> 519 | L12: =Analysis!$F72 -> 523 | M12: =Analysis!$F73 -> 523 | N12: =Analysis!$F74 -> 494 | O12: =Analysis!$F75 -> 519 | P12: =Analysis!$F76 -> 513 | Q12: =Analysis!$F77 -> 567 | R12: =Analysis!$F78 -> 493 | S12: =Analysis!$F79 -> 401 | T12: =SUM($H12:$S12) -> 5967 | U12: =_xlfn.MINIFS($H12:$S12,$H12:$S12,">0") -> 401 | V12: =_xlfn.MAXIFS($H12:$S12,$H12:$S12,">0") -> 567
F13: ออก | H13: =Analysis!$G68 -> 709 | I13: =Analysis!$G69 -> 722 | J13: =Analysis!$G70 -> 702 | K13: =Analysis!$G71 -> 540 | L13: =Analysis!$G72 -> 530 | M13: =Analysis!$G73 -> 500 | N13: =Analysis!$G74 -> 482 | O13: =Analysis!$G75 -> 529 | P13: =Analysis!$G76 -> 621 | Q13: =Analysis!$G77 -> 741 | R13: =Analysis!$G78 -> 818 | S13: =Analysis!$G79 -> 714 | T13: =SUM($H13:$S13) -> 7608 | U13: =_xlfn.MINIFS($H13:$S13,$H13:$S13,">0") -> 482 | V13: =_xlfn.MAXIFS($H13:$S13,$H13:$S13,">0") -> 818
G14: นาที | H14: 7.- | I14: 8.- | J14: 9.- | K14: 10.- | L14: 11.- | M14: 12.- | N14: 13.- | O14: 14.- | P14: 15.- | Q14: 16.- | R14: 17.- | S14: 18.- | T14: รวม
G15: 15 | H15: =Analysis!$B$68 -> 111 | I15: =Analysis!$B$69 -> 111 | J15: =Analysis!$B$70 -> 130 | K15: =Analysis!$B$71 -> 126 | L15: =Analysis!$B$72 -> 124 | M15: =Analysis!$B$73 -> 136 | N15: =Analysis!$B$74 -> 133 | O15: =Analysis!$B$75 -> 124 | P15: =Analysis!$B$76 -> 122 | Q15: =Analysis!$B$77 -> 130 | R15: =Analysis!$B$78 -> 123 | S15: =Analysis!$B$79 -> 114 | T15: =SUM(H15:S15) -> 1484
G16: 30 | H16: =Analysis!$C$68 -> 224 | I16: =Analysis!$C$69 -> 219 | J16: =Analysis!$C$70 -> 270 | K16: =Analysis!$C$71 -> 259 | L16: =Analysis!$C$72 -> 267 | M16: =Analysis!$C$73 -> 261 | N16: =Analysis!$C$74 -> 261 | O16: =Analysis!$C$75 -> 246 | P16: =Analysis!$C$76 -> 256 | Q16: =Analysis!$C$77 -> 267 | R16: =Analysis!$C$78 -> 250 | S16: =Analysis!$C$79 -> 206 | T16: =SUM(H16:S16) -> 2986
G17: 45 | H17: =Analysis!$D$68 -> 338 | I17: =Analysis!$D$69 -> 319 | J17: =Analysis!$D$70 -> 419 | K17: =Analysis!$D$71 -> 387 | L17: =Analysis!$D$72 -> 386 | M17: =Analysis!$D$73 -> 386 | N17: =Analysis!$D$74 -> 387 | O17: =Analysis!$D$75 -> 377 | P17: =Analysis!$D$76 -> 392 | Q17: =Analysis!$D$77 -> 413 | R17: =Analysis!$D$78 -> 371 | S17: =Analysis!$D$79 -> 308 | T17: =SUM(H17:S17) -> 4483
B18: =Header!B11 -> ถนนกำแพงเพชร 6 | D18: =Header!B14 -> ถนนแจ้งวัฒนะ | F18: QL (เมตร) | H18: =Queue!$AL$2 -> 73.125 | I18: =Queue!$AL$3 -> 86.666667 | J18: =Queue!$AL$4 -> 56 | K18: =Queue!$AL$5 -> 50 | L18: =Queue!$AL$6 -> 80 | M18: =Queue!$AL$7 -> 85.333333 | N18: =Queue!$AL$8 -> 80 | O18: =Queue!$AL$9 -> 88.461538 | P18: =Queue!$AL$10 -> 97.5 | Q18: =Queue!$AL$11 -> 100 | R18: =Queue!$AL$12 -> 81.666667 | S18: =Queue!$AL$13 -> 71
F19: EB | G19: 5 | H19: =VALUE(Analysis!$AJ$53) -> 249 | I19: =VALUE(Analysis!$AJ$54) -> 223 | J19: =VALUE(Analysis!$AJ$55) -> 202 | K19: =VALUE(Analysis!$AJ$56) -> 287 | L19: =VALUE(Analysis!$AJ$57) -> 329 | M19: =VALUE(Analysis!$AJ$58) -> 342 | N19: =VALUE(Analysis!$AJ$59) -> 270 | O19: =VALUE(Analysis!$AJ$60) -> 247 | P19: =VALUE(Analysis!$AJ$61) -> 271 | Q19: =VALUE(Analysis!$AJ$62) -> 324 | R19: =VALUE(Analysis!$AJ$63) -> 304 | S19: =VALUE(Analysis!$AJ$64) -> 282 | T19: =SUM($H19:$S19) -> 3330 | U19: =_xlfn.MINIFS($H19:$S19,$H19:$S19,">0") -> 202 | V19: =_xlfn.MAXIFS($H19:$S19,$H19:$S19,">0") -> 342 | W19: =VALUE(Analysis!$AJ$95) -> 279.03833
G20: 6 | H20: =VALUE(Analysis!$AQ$53) -> 872 | I20: =VALUE(Analysis!$AQ$54) -> 822 | J20: =VALUE(Analysis!$AQ$55) -> 809 | K20: =VALUE(Analysis!$AQ$56) -> 738 | L20: =VALUE(Analysis!$AQ$57) -> 734 | M20: =VALUE(Analysis!$AQ$58) -> 717 | N20: =VALUE(Analysis!$AQ$59) -> 822 | O20: =VALUE(Analysis!$AQ$60) -> 853 | P20: =VALUE(Analysis!$AQ$61) -> 820 | Q20: =VALUE(Analysis!$AQ$62) -> 835 | R20: =VALUE(Analysis!$AQ$63) -> 809 | S20: =VALUE(Analysis!$AQ$64) -> 706 | T20: =SUM($H20:$S20) -> 9537 | U20: =_xlfn.MINIFS($H20:$S20,$H20:$S20,">0") -> 706 | V20: =_xlfn.MAXIFS($H20:$S20,$H20:$S20,">0") -> 872 | W20: =VALUE(Analysis!$AQ$95) -> 823.78167
G21: 7 | H21: =VALUE(Analysis!$AX$53) -> 139 | I21: =VALUE(Analysis!$AX$54) -> 171 | J21: =VALUE(Analysis!$AX$55) -> 185 | K21: =VALUE(Analysis!$AX$56) -> 121 | L21: =VALUE(Analysis!$AX$57) -> 104 | M21: =VALUE(Analysis!$AX$58) -> 98 | N21: =VALUE(Analysis!$AX$59) -> 96 | O21: =VALUE(Analysis!$AX$60) -> 110 | P21: =VALUE(Analysis!$AX$61) -> 138 | Q21: =VALUE(Analysis!$AX$62) -> 197 | R21: =VALUE(Analysis!$AX$63) -> 196 | S21: =VALUE(Analysis!$AX$64) -> 216 | T21: =SUM($H21:$S21) -> 1771 | U21: =_xlfn.MINIFS($H21:$S21,$H21:$S21,">0") -> 96 | V21: =_xlfn.MAXIFS($H21:$S21,$H21:$S21,">0") -> 216 | W21: =VALUE(Analysis!$AX$95) -> 149.78667
G22: 8 | H22: =VALUE(Analysis!$BE$53) -> 295 | I22: =VALUE(Analysis!$BE$54) -> 289 | J22: =VALUE(Analysis!$BE$55) -> 273 | K22: =VALUE(Analysis!$BE$56) -> 253 | L22: =VALUE(Analysis!$BE$57) -> 227 | M22: =VALUE(Analysis!$BE$58) -> 251 | N22: =VALUE(Analysis!$BE$59) -> 270 | O22: =VALUE(Analysis!$BE$60) -> 224 | P22: =VALUE(Analysis!$BE$61) -> 295 | Q22: =VALUE(Analysis!$BE$62) -> 311 | R22: =VALUE(Analysis!$BE$63) -> 282 | S22: =VALUE(Analysis!$BE$64) -> 265 | T22: =SUM($H22:$S22) -> 3235 | U22: =_xlfn.MINIFS($H22:$S22,$H22:$S22,">0") -> 224 | V22: =_xlfn.MAXIFS($H22:$S22,$H22:$S22,">0") -> 311 | W22: =VALUE(Analysis!$BE$95) -> 276.93417
C23: NB | G23: 5* | H23: =VALUE(Analysis!$ER$53) -> 0 | I23: =VALUE(Analysis!$ER$54) -> 0 | J23: =VALUE(Analysis!$ER$55) -> 0 | K23: =VALUE(Analysis!$ER$56) -> 0 | L23: =VALUE(Analysis!$ER$57) -> 0 | M23: =VALUE(Analysis!$ER$58) -> 0 | N23: =VALUE(Analysis!$ER$59) -> 0 | O23: =VALUE(Analysis!$ER$60) -> 0 | P23: =VALUE(Analysis!$ER$61) -> 0 | Q23: =VALUE(Analysis!$ER$62) -> 0 | R23: =VALUE(Analysis!$ER$63) -> 0 | S23: =VALUE(Analysis!$ER$64) -> 0 | T23: =SUM($H23:$S23) -> 0 | U23: =_xlfn.MINIFS($H23:$S23,$H23:$S23,">0") -> 0 | V23: =_xlfn.MAXIFS($H23:$S23,$H23:$S23,">0") -> 0 | W23: =VALUE(Analysis!$ER$95) -> 0
G24: 6* | H24: =VALUE(Analysis!$EY$53) -> 0 | I24: =VALUE(Analysis!$EY$54) -> 0 | J24: =VALUE(Analysis!$EY$55) -> 0 | K24: =VALUE(Analysis!$EY$56) -> 0 | L24: =VALUE(Analysis!$EY$57) -> 0 | M24: =VALUE(Analysis!$EY$58) -> 0 | N24: =VALUE(Analysis!$EY$59) -> 0 | O24: =VALUE(Analysis!$EY$60) -> 0 | P24: =VALUE(Analysis!$EY$61) -> 0 | Q24: =VALUE(Analysis!$EY$62) -> 0 | R24: =VALUE(Analysis!$EY$63) -> 0 | S24: =VALUE(Analysis!$EY$64) -> 0 | T24: =SUM($H24:$S24) -> 0 | U24: =_xlfn.MINIFS($H24:$S24,$H24:$S24,">0") -> 0 | V24: =_xlfn.MAXIFS($H24:$S24,$H24:$S24,">0") -> 0 | W24: =VALUE(Analysis!$EY$95) -> 0
G25: 7* | H25: =VALUE(Analysis!$FF$53) -> 0 | I25: =VALUE(Analysis!$FF$54) -> 0 | J25: =VALUE(Analysis!$FF$55) -> 0 | K25: =VALUE(Analysis!$FF$56) -> 0 | L25: =VALUE(Analysis!$FF$57) -> 0 | M25: =VALUE(Analysis!$FF$58) -> 0 | N25: =VALUE(Analysis!$FF$59) -> 0 | O25: =VALUE(Analysis!$FF$60) -> 0 | P25: =VALUE(Analysis!$FF$61) -> 0 | Q25: =VALUE(Analysis!$FF$62) -> 0 | R25: =VALUE(Analysis!$FF$63) -> 0 | S25: =VALUE(Analysis!$FF$64) -> 0 | T25: =SUM($H25:$S25) -> 0 | U25: =_xlfn.MINIFS($H25:$S25,$H25:$S25,">0") -> 0 | V25: =_xlfn.MAXIFS($H25:$S25,$H25:$S25,">0") -> 0 | W25: =VALUE(Analysis!$FF$95) -> 0
C26: NB | F26: เข้า | H26: =Analysis!$AH68 -> 1555 | I26: =Analysis!$AH69 -> 1505 | J26: =Analysis!$AH70 -> 1469 | K26: =Analysis!$AH71 -> 1399 | L26: =Analysis!$AH72 -> 1394 | M26: =Analysis!$AH73 -> 1408 | N26: =Analysis!$AH74 -> 1458 | O26: =Analysis!$AH75 -> 1434 | P26: =Analysis!$AH76 -> 1524 | Q26: =Analysis!$AH77 -> 1667 | R26: =Analysis!$AH78 -> 1591 | S26: =Analysis!$AH79 -> 1469 | T26: =SUM($H26:$S26) -> 17873 | U26: =_xlfn.MINIFS($H26:$S26,$H26:$S26,">0") -> 1394 | V26: =_xlfn.MAXIFS($H26:$S26,$H26:$S26,">0") -> 1667
F27: ออก | H27: =Analysis!$AI68 -> 1460 | I27: =Analysis!$AI69 -> 1449 | J27: =Analysis!$AI70 -> 1274 | K27: =Analysis!$AI71 -> 1223 | L27: =Analysis!$AI72 -> 1155 | M27: =Analysis!$AI73 -> 1164 | N27: =Analysis!$AI74 -> 1223 | O27: =Analysis!$AI75 -> 1239 | P27: =Analysis!$AI76 -> 1254 | Q27: =Analysis!$AI77 -> 1463 | R27: =Analysis!$AI78 -> 1620 | S27: =Analysis!$AI79 -> 1544 | T27: =SUM($H27:$S27) -> 16068 | U27: =_xlfn.MINIFS($H27:$S27,$H27:$S27,">0") -> 1155 | V27: =_xlfn.MAXIFS($H27:$S27,$H27:$S27,">0") -> 1620
G28: นาที | H28: 7.- | I28: 8.- | J28: 9.- | K28: 10.- | L28: 11.- | M28: 12.- | N28: 13.- | O28: 14.- | P28: 15.- | Q28: 16.- | R28: 17.- | S28: 18.- | T28: รวม
G29: 15 | H29: =Analysis!$AD$68 -> 405 | I29: =Analysis!$AD$69 -> 389 | J29: =Analysis!$AD$70 -> 381 | K29: =Analysis!$AD$71 -> 333 | L29: =Analysis!$AD$72 -> 338 | M29: =Analysis!$AD$73 -> 366 | N29: =Analysis!$AD$74 -> 350 | O29: =Analysis!$AD$75 -> 358 | P29: =Analysis!$AD$76 -> 367 | Q29: =Analysis!$AD$77 -> 412 | R29: =Analysis!$AD$78 -> 393 | S29: =Analysis!$AD$79 -> 385 | T29: =SUM(H29:S29) -> 4477
G30: 30 | H30: =Analysis!$AE$68 -> 784 | I30: =Analysis!$AE$69 -> 757 | J30: =Analysis!$AE$70 -> 739 | K30: =Analysis!$AE$71 -> 673 | L30: =Analysis!$AE$72 -> 702 | M30: =Analysis!$AE$73 -> 704 | N30: =Analysis!$AE$74 -> 737 | O30: =Analysis!$AE$75 -> 714 | P30: =Analysis!$AE$76 -> 720 | Q30: =Analysis!$AE$77 -> 815 | R30: =Analysis!$AE$78 -> 811 | S30: =Analysis!$AE$79 -> 764 | T30: =SUM(H30:S30) -> 8920
G31: 45 | H31: =Analysis!$AF$68 -> 1179 | I31: =Analysis!$AF$69 -> 1128 | J31: =Analysis!$AF$70 -> 1122 | K31: =Analysis!$AF$71 -> 1025 | L31: =Analysis!$AF$72 -> 1057 | M31: =Analysis!$AF$73 -> 1052 | N31: =Analysis!$AF$74 -> 1085 | O31: =Analysis!$AF$75 -> 1065 | P31: =Analysis!$AF$76 -> 1137 | Q31: =Analysis!$AF$77 -> 1240 | R31: =Analysis!$AF$78 -> 1210 | S31: =Analysis!$AF$79 -> 1137 | T31: =SUM(H31:S31) -> 13437
F32: QL (เมตร) | H32: =Queue!$AL$16 -> 113.75 | I32: =Queue!$AL$17 -> 200 | J32: =Queue!$AL$18 -> 144 | K32: =Queue!$AL$19 -> 105 | L32: =Queue!$AL$20 -> 110 | M32: =Queue!$AL$21 -> 130 | N32: =Queue!$AL$22 -> 120 | O32: =Queue!$AL$23 -> 122.30769 | P32: =Queue!$AL$24 -> 133.75 | Q32: =Queue!$AL$25 -> 145.71429 | R32: =Queue!$AL$26 -> 150 | S32: =Queue!$AL$27 -> 150
F33: SB | G33: 9 | H33: =VALUE(Analysis!$BL$53) -> 16 | I33: =VALUE(Analysis!$BL$54) -> 19 | J33: =VALUE(Analysis!$BL$55) -> 24 | K33: =VALUE(Analysis!$BL$56) -> 21 | L33: =VALUE(Analysis!$BL$57) -> 17 | M33: =VALUE(Analysis!$BL$58) -> 24 | N33: =VALUE(Analysis!$BL$59) -> 20 | O33: =VALUE(Analysis!$BL$60) -> 20 | P33: =VALUE(Analysis!$BL$61) -> 23 | Q33: =VALUE(Analysis!$BL$62) -> 31 | R33: =VALUE(Analysis!$BL$63) -> 23 | S33: =VALUE(Analysis!$BL$64) -> 14 | T33: =SUM($H33:$S33) -> 252 | U33: =_xlfn.MINIFS($H33:$S33,$H33:$S33,">0") -> 14 | V33: =_xlfn.MAXIFS($H33:$S33,$H33:$S33,">0") -> 31 | W33: =VALUE(Analysis!$BL$95) -> 22.375
G34: 10 | H34: =VALUE(Analysis!$BS$53) -> 313 | I34: =VALUE(Analysis!$BS$54) -> 270 | J34: =VALUE(Analysis!$BS$55) -> 285 | K34: =VALUE(Analysis!$BS$56) -> 278 | L34: =VALUE(Analysis!$BS$57) -> 317 | M34: =VALUE(Analysis!$BS$58) -> 294 | N34: =VALUE(Analysis!$BS$59) -> 273 | O34: =VALUE(Analysis!$BS$60) -> 290 | P34: =VALUE(Analysis!$BS$61) -> 293 | Q34: =VALUE(Analysis!$BS$62) -> 298 | R34: =VALUE(Analysis!$BS$63) -> 300 | S34: =VALUE(Analysis!$BS$64) -> 199 | T34: =SUM($H34:$S34) -> 3410 | U34: =_xlfn.MINIFS($H34:$S34,$H34:$S34,">0") -> 199 | V34: =_xlfn.MAXIFS($H34:$S34,$H34:$S34,">0") -> 317 | W34: =VALUE(Analysis!$BS$95) -> 287.56667
G35: 11 | H35: =VALUE(Analysis!$BZ$53) -> 268 | I35: =VALUE(Analysis!$BZ$54) -> 336 | J35: =VALUE(Analysis!$BZ$55) -> 261 | K35: =VALUE(Analysis!$BZ$56) -> 300 | L35: =VALUE(Analysis!$BZ$57) -> 265 | M35: =VALUE(Analysis!$BZ$58) -> 275 | N35: =VALUE(Analysis!$BZ$59) -> 311 | O35: =VALUE(Analysis!$BZ$60) -> 311 | P35: =VALUE(Analysis!$BZ$61) -> 234 | Q35: =VALUE(Analysis!$BZ$62) -> 275 | R35: =VALUE(Analysis!$BZ$63) -> 346 | S35: =VALUE(Analysis!$BZ$64) -> 295 | T35: =SUM($H35:$S35) -> 3477 | U35: =_xlfn.MINIFS($H35:$S35,$H35:$S35,">0") -> 234 | V35: =_xlfn.MAXIFS($H35:$S35,$H35:$S35,">0") -> 346 | W35: =VALUE(Analysis!$BZ$95) -> 289.75
G36: 12 | H36: =VALUE(Analysis!$CG$53) -> 0 | I36: =VALUE(Analysis!$CG$54) -> 0 | J36: =VALUE(Analysis!$CG$55) -> 0 | K36: =VALUE(Analysis!$CG$56) -> 0 | L36: =VALUE(Analysis!$CG$57) -> 0 | M36: =VALUE(Analysis!$CG$58) -> 0 | N36: =VALUE(Analysis!$CG$59) -> 0 | O36: =VALUE(Analysis!$CG$60) -> 0 | P36: =VALUE(Analysis!$CG$61) -> 0 | Q36: =VALUE(Analysis!$CG$62) -> 0 | R36: =VALUE(Analysis!$CG$63) -> 0 | S36: =VALUE(Analysis!$CG$64) -> 0 | T36: =SUM($H36:$S36) -> 0 | U36: =_xlfn.MINIFS($H36:$S36,$H36:$S36,">0") -> 0 | V36: =_xlfn.MAXIFS($H36:$S36,$H36:$S36,">0") -> 0 | W36: =VALUE(Analysis!$CG$95) -> 0
G37: 9* | H37: =VALUE(Analysis!$FS$53) -> 0 | I37: =VALUE(Analysis!$FS$54) -> 0 | J37: =VALUE(Analysis!$FS$55) -> 0 | K37: =VALUE(Analysis!$FS$56) -> 0 | L37: =VALUE(Analysis!$FS$57) -> 0 | M37: =VALUE(Analysis!$FS$58) -> 0 | N37: =VALUE(Analysis!$FS$59) -> 0 | O37: =VALUE(Analysis!$FS$60) -> 0 | P37: =VALUE(Analysis!$FS$61) -> 0 | Q37: =VALUE(Analysis!$FS$62) -> 0 | R37: =VALUE(Analysis!$FS$63) -> 0 | S37: =VALUE(Analysis!$FS$64) -> 0 | T37: =SUM($H37:$S37) -> 0 | U37: =_xlfn.MINIFS($H37:$S37,$H37:$S37,">0") -> 0 | V37: =_xlfn.MAXIFS($H37:$S37,$H37:$S37,">0") -> 0 | W37: =VALUE(Analysis!$FS$95) -> 0
G38: 10* | H38: =VALUE(Analysis!$GA$53) -> 0 | I38: =VALUE(Analysis!$GA$54) -> 0 | J38: =VALUE(Analysis!$GA$55) -> 0 | K38: =VALUE(Analysis!$GA$56) -> 0 | L38: =VALUE(Analysis!$GA$57) -> 0 | M38: =VALUE(Analysis!$GA$58) -> 0 | N38: =VALUE(Analysis!$GA$59) -> 0 | O38: =VALUE(Analysis!$GA$60) -> 0 | P38: =VALUE(Analysis!$GA$61) -> 0 | Q38: =VALUE(Analysis!$GA$62) -> 0 | R38: =VALUE(Analysis!$GA$63) -> 0 | S38: =VALUE(Analysis!$GA$64) -> 0 | T38: =SUM($H38:$S38) -> 0 | U38: =_xlfn.MINIFS($H38:$S38,$H38:$S38,">0") -> 0 | V38: =_xlfn.MAXIFS($H38:$S38,$H38:$S38,">0") -> 0 | W38: =VALUE(Analysis!$GA$95) -> 0
G39: 11* | H39: =VALUE(Analysis!$GH$53) -> 0 | I39: =VALUE(Analysis!$GH$54) -> 0 | J39: =VALUE(Analysis!$GH$55) -> 0 | K39: =VALUE(Analysis!$GH$56) -> 0 | L39: =VALUE(Analysis!$GH$57) -> 0 | M39: =VALUE(Analysis!$GH$58) -> 0 | N39: =VALUE(Analysis!$GH$59) -> 0 | O39: =VALUE(Analysis!$GH$60) -> 0 | P39: =VALUE(Analysis!$GH$61) -> 0 | Q39: =VALUE(Analysis!$GH$62) -> 0 | R39: =VALUE(Analysis!$GH$63) -> 0 | S39: =VALUE(Analysis!$GH$64) -> 0 | T39: =SUM($H39:$S39) -> 0 | U39: =_xlfn.MINIFS($H39:$S39,$H39:$S39,">0") -> 0 | V39: =_xlfn.MAXIFS($H39:$S39,$H39:$S39,">0") -> 0 | W39: =VALUE(Analysis!$GH$95) -> 0
F40: เข้า | H40: =Analysis!$BJ68 -> 597 | I40: =Analysis!$BJ69 -> 625 | J40: =Analysis!$BJ70 -> 570 | K40: =Analysis!$BJ71 -> 599 | L40: =Analysis!$BJ72 -> 599 | M40: =Analysis!$BJ73 -> 593 | N40: =Analysis!$BJ74 -> 604 | O40: =Analysis!$BJ75 -> 621 | P40: =Analysis!$BJ76 -> 550 | Q40: =Analysis!$BJ77 -> 604 | R40: =Analysis!$BJ78 -> 669 | S40: =Analysis!$BJ79 -> 508 | T40: =SUM($H40:$S40) -> 7139 | U40: =_xlfn.MINIFS($H40:$S40,$H40:$S40,">0") -> 508 | V40: =_xlfn.MAXIFS($H40:$S40,$H40:$S40,">0") -> 669
F41: ออก | H41: =Analysis!$BK68 -> 366 | I41: =Analysis!$BK69 -> 334 | J41: =Analysis!$BK70 -> 452 | K41: =Analysis!$BK71 -> 509 | L41: =Analysis!$BK72 -> 574 | M41: =Analysis!$BK73 -> 622 | N41: =Analysis!$BK74 -> 508 | O41: =Analysis!$BK75 -> 457 | P41: =Analysis!$BK76 -> 469 | Q41: =Analysis!$BK77 -> 498 | R41: =Analysis!$BK78 -> 444 | S41: =Analysis!$BK79 -> 416 | T41: =SUM($H41:$S41) -> 5649 | U41: =_xlfn.MINIFS($H41:$S41,$H41:$S41,">0") -> 334 | V41: =_xlfn.MAXIFS($H41:$S41,$H41:$S41,">0") -> 622
G42: นาที | H42: 7.- | I42: 8.- | J42: 9.- | K42: 10.- | L42: 11.- | M42: 12.- | N42: 13.- | O42: 14.- | P42: 15.- | Q42: 16.- | R42: 17.- | S42: 18.- | T42: รวม
G43: 15 | H43: =Analysis!$BF$68 -> 159 | I43: =Analysis!$BF$69 -> 152 | J43: =Analysis!$BF$70 -> 154 | K43: =Analysis!$BF$71 -> 139 | L43: =Analysis!$BF$72 -> 162 | M43: =Analysis!$BF$73 -> 148 | N43: =Analysis!$BF$74 -> 162 | O43: =Analysis!$BF$75 -> 152 | P43: =Analysis!$BF$76 -> 148 | Q43: =Analysis!$BF$77 -> 150 | R43: =Analysis!$BF$78 -> 174 | S43: =Analysis!$BF$79 -> 151 | T43: =SUM(H43:S43) -> 1851
G44: 30 | H44: =Analysis!$BG$68 -> 295 | I44: =Analysis!$BG$69 -> 330 | J44: =Analysis!$BG$70 -> 285 | K44: =Analysis!$BG$71 -> 298 | L44: =Analysis!$BG$72 -> 298 | M44: =Analysis!$BG$73 -> 305 | N44: =Analysis!$BG$74 -> 326 | O44: =Analysis!$BG$75 -> 315 | P44: =Analysis!$BG$76 -> 270 | Q44: =Analysis!$BG$77 -> 293 | R44: =Analysis!$BG$78 -> 338 | S44: =Analysis!$BG$79 -> 273 | T44: =SUM(H44:S44) -> 3626
G45: 45 | H45: =Analysis!$BH$68 -> 455 | I45: =Analysis!$BH$69 -> 468 | J45: =Analysis!$BH$70 -> 445 | K45: =Analysis!$BH$71 -> 460 | L45: =Analysis!$BH$72 -> 457 | M45: =Analysis!$BH$73 -> 433 | N45: =Analysis!$BH$74 -> 452 | O45: =Analysis!$BH$75 -> 484 | P45: =Analysis!$BH$76 -> 402 | Q45: =Analysis!$BH$77 -> 447 | R45: =Analysis!$BH$78 -> 498 | S45: =Analysis!$BH$79 -> 400 | T45: =SUM(H45:S45) -> 5401
F46: QL (เมตร) | H46: =Queue!$AL30 -> 112 | I46: =Queue!$AL31 -> 195 | J46: =Queue!$AL32 -> 126 | K46: =Queue!$AL33 -> 80 | L46: =Queue!$AL34 -> 80 | M46: =Queue!$AL35 -> 80 | N46: =Queue!$AL36 -> 80 | O46: =Queue!$AL37 -> 96.428571 | P46: =Queue!$AL38 -> 102.5 | Q46: =Queue!$AL39 -> 120 | R46: =Queue!$AL40 -> 120 | S46: =Queue!$AL41 -> 102.22222
F47: WB | G47: 13 | H47: =VALUE(Analysis!$CN$53) -> 257 | I47: =VALUE(Analysis!$CN$54) -> 281 | J47: =VALUE(Analysis!$CN$55) -> 232 | K47: =VALUE(Analysis!$CN$56) -> 141 | L47: =VALUE(Analysis!$CN$57) -> 109 | M47: =VALUE(Analysis!$CN$58) -> 108 | N47: =VALUE(Analysis!$CN$59) -> 113 | O47: =VALUE(Analysis!$CN$60) -> 129 | P47: =VALUE(Analysis!$CN$61) -> 190 | Q47: =VALUE(Analysis!$CN$62) -> 246 | R47: =VALUE(Analysis!$CN$63) -> 322 | S47: =VALUE(Analysis!$CN$64) -> 299 | T47: =SUM($H47:$S47) -> 2427 | U47: =_xlfn.MINIFS($H47:$S47,$H47:$S47,">0") -> 108 | V47: =_xlfn.MAXIFS($H47:$S47,$H47:$S47,">0") -> 322 | W47: =VALUE(Analysis!$CN$95) -> 204.965
G48: 14 | H48: =VALUE(Analysis!$CU$53) -> 689 | I48: =VALUE(Analysis!$CU$54) -> 613 | J48: =VALUE(Analysis!$CU$55) -> 558 | K48: =VALUE(Analysis!$CU$56) -> 515 | L48: =VALUE(Analysis!$CU$57) -> 509 | M48: =VALUE(Analysis!$CU$58) -> 501 | N48: =VALUE(Analysis!$CU$59) -> 511 | O48: =VALUE(Analysis!$CU$60) -> 507 | P48: =VALUE(Analysis!$CU$61) -> 532 | Q48: =VALUE(Analysis!$CU$62) -> 650 | R48: =VALUE(Analysis!$CU$63) -> 760 | S48: =VALUE(Analysis!$CU$64) -> 800 | T48: =SUM($H48:$S48) -> 7145 | U48: =_xlfn.MINIFS($H48:$S48,$H48:$S48,">0") -> 501 | V48: =_xlfn.MAXIFS($H48:$S48,$H48:$S48,">0") -> 800 | W48: =VALUE(Analysis!$CU$95) -> 607.51917
G49: 15 | H49: =VALUE(Analysis!$DB$53) -> 0 | I49: =VALUE(Analysis!$DB$54) -> 0 | J49: =VALUE(Analysis!$DB$55) -> 0 | K49: =VALUE(Analysis!$DB$56) -> 0 | L49: =VALUE(Analysis!$DB$57) -> 0 | M49: =VALUE(Analysis!$DB$58) -> 0 | N49: =VALUE(Analysis!$DB$59) -> 0 | O49: =VALUE(Analysis!$DB$60) -> 0 | P49: =VALUE(Analysis!$DB$61) -> 0 | Q49: =VALUE(Analysis!$DB$62) -> 0 | R49: =VALUE(Analysis!$DB$63) -> 0 | S49: =VALUE(Analysis!$DB$64) -> 0 | T49: =SUM($H49:$S49) -> 0 | U49: =_xlfn.MINIFS($H49:$S49,$H49:$S49,">0") -> 0 | V49: =_xlfn.MAXIFS($H49:$S49,$H49:$S49,">0") -> 0 | W49: =VALUE(Analysis!$DB$95) -> 0
G50: 16 | H50: =VALUE(Analysis!$DI$53) -> 0 | I50: =VALUE(Analysis!$DI$54) -> 0 | J50: =VALUE(Analysis!$DI$55) -> 0 | K50: =VALUE(Analysis!$DI$56) -> 0 | L50: =VALUE(Analysis!$DI$57) -> 0 | M50: =VALUE(Analysis!$DI$58) -> 0 | N50: =VALUE(Analysis!$DI$59) -> 0 | O50: =VALUE(Analysis!$DI$60) -> 0 | P50: =VALUE(Analysis!$DI$61) -> 0 | Q50: =VALUE(Analysis!$DI$62) -> 0 | R50: =VALUE(Analysis!$DI$63) -> 0 | S50: =VALUE(Analysis!$DI$64) -> 0 | T50: =SUM($H50:$S50) -> 0 | U50: =_xlfn.MINIFS($H50:$S50,$H50:$S50,">0") -> 0 | V50: =_xlfn.MAXIFS($H50:$S50,$H50:$S50,">0") -> 0 | W50: =VALUE(Analysis!$DI$95) -> 0
G51: 13* | H51: =VALUE(Analysis!$GV$53) -> 0 | I51: =VALUE(Analysis!$GV$54) -> 0 | J51: =VALUE(Analysis!$GV$55) -> 0 | K51: =VALUE(Analysis!$GV$56) -> 0 | L51: =VALUE(Analysis!$GV$57) -> 0 | M51: =VALUE(Analysis!$GV$58) -> 0 | N51: =VALUE(Analysis!$GV$59) -> 0 | O51: =VALUE(Analysis!$GV$60) -> 0 | P51: =VALUE(Analysis!$GV$61) -> 0 | Q51: =VALUE(Analysis!$GV$62) -> 0 | R51: =VALUE(Analysis!$GV$63) -> 0 | S51: =VALUE(Analysis!$GV$64) -> 0 | T51: =SUM($H51:$S51) -> 0 | U51: =_xlfn.MINIFS($H51:$S51,$H51:$S51,">0") -> 0 | V51: =_xlfn.MAXIFS($H51:$S51,$H51:$S51,">0") -> 0 | W51: =VALUE(Analysis!$GV$95) -> 0
G52: 14* | H52: =VALUE(Analysis!$HC$53) -> 0 | I52: =VALUE(Analysis!$HC$54) -> 0 | J52: =VALUE(Analysis!$HC$55) -> 0 | K52: =VALUE(Analysis!$HC$56) -> 0 | L52: =VALUE(Analysis!$HC$57) -> 0 | M52: =VALUE(Analysis!$HC$58) -> 0 | N52: =VALUE(Analysis!$HC$59) -> 0 | O52: =VALUE(Analysis!$HC$60) -> 0 | P52: =VALUE(Analysis!$HC$61) -> 0 | Q52: =VALUE(Analysis!$HC$62) -> 0 | R52: =VALUE(Analysis!$HC$63) -> 0 | S52: =VALUE(Analysis!$HC$64) -> 0 | T52: =SUM($H52:$S52) -> 0 | U52: =_xlfn.MINIFS($H52:$S52,$H52:$S52,">0") -> 0 | V52: =_xlfn.MAXIFS($H52:$S52,$H52:$S52,">0") -> 0 | W52: =VALUE(Analysis!$HC$95) -> 0
G53: 15* | H53: =VALUE(Analysis!$HJ$53) -> 0 | I53: =VALUE(Analysis!$HJ$54) -> 0 | J53: =VALUE(Analysis!$HJ$55) -> 0 | K53: =VALUE(Analysis!$HJ$56) -> 0 | L53: =VALUE(Analysis!$HJ$57) -> 0 | M53: =VALUE(Analysis!$HJ$58) -> 0 | N53: =VALUE(Analysis!$HJ$59) -> 0 | O53: =VALUE(Analysis!$HJ$60) -> 0 | P53: =VALUE(Analysis!$HJ$61) -> 0 | Q53: =VALUE(Analysis!$HJ$62) -> 0 | R53: =VALUE(Analysis!$HJ$63) -> 0 | S53: =VALUE(Analysis!$HJ$64) -> 0 | T53: =SUM($H53:$S53) -> 0 | U53: =_xlfn.MINIFS($H53:$S53,$H53:$S53,">0") -> 0 | V53: =_xlfn.MAXIFS($H53:$S53,$H53:$S53,">0") -> 0 | W53: =VALUE(Analysis!$HJ$95) -> 0
F54: เข้า | H54: =Analysis!$CL68 -> 946 | I54: =Analysis!$CL69 -> 894 | J54: =Analysis!$CL70 -> 790 | K54: =Analysis!$CL71 -> 656 | L54: =Analysis!$CL72 -> 618 | M54: =Analysis!$CL73 -> 609 | N54: =Analysis!$CL74 -> 624 | O54: =Analysis!$CL75 -> 636 | P54: =Analysis!$CL76 -> 722 | Q54: =Analysis!$CL77 -> 896 | R54: =Analysis!$CL78 -> 1082 | S54: =Analysis!$CL79 -> 1099 | T54: =SUM($H54:$S54) -> 9572 | U54: =_xlfn.MINIFS($H54:$S54,$H54:$S54,">0") -> 609 | V54: =_xlfn.MAXIFS($H54:$S54,$H54:$S54,">0") -> 1099
F55: ออก | H55: =Analysis!$CM68 -> 1015 | I55: =Analysis!$CM69 -> 943 | J55: =Analysis!$CM70 -> 940 | K55: =Analysis!$CM71 -> 901 | L55: =Analysis!$CM72 -> 875 | M55: =Analysis!$CM73 -> 847 | N55: =Analysis!$CM74 -> 967 | O55: =Analysis!$CM75 -> 985 | P55: =Analysis!$CM76 -> 965 | Q55: =Analysis!$CM77 -> 1032 | R55: =Analysis!$CM78 -> 953 | S55: =Analysis!$CM79 -> 803 | T55: =SUM($H55:$S55) -> 11226 | U55: =_xlfn.MINIFS($H55:$S55,$H55:$S55,">0") -> 803 | V55: =_xlfn.MAXIFS($H55:$S55,$H55:$S55,">0") -> 1032
A56: หมายเหตุ : | B56: QL = +300 หมายถึง 300 เมตรขึ้นไป | G56: นาที | H56: 7.- | I56: 8.- | J56: 9.- | K56: 10.- | L56: 11.- | M56: 12.- | N56: 13.- | O56: 14.- | P56: 15.- | Q56: 16.- | R56: 17.- | S56: 18.- | T56: รวม
B57: QL = -50 หมายถึง น้อยกว่า 50 เมตร | G57: 15 | H57: =Analysis!$CH$68 -> 234 | I57: =Analysis!$CH$69 -> 244 | J57: =Analysis!$CH$70 -> 215 | K57: =Analysis!$CH$71 -> 186 | L57: =Analysis!$CH$72 -> 163 | M57: =Analysis!$CH$73 -> 155 | N57: =Analysis!$CH$74 -> 164 | O57: =Analysis!$CH$75 -> 152 | P57: =Analysis!$CH$76 -> 151 | Q57: =Analysis!$CH$77 -> 229 | R57: =Analysis!$CH$78 -> 261 | S57: =Analysis!$CH$79 -> 297 | T57: =SUM(H57:S57) -> 2451
G58: 30 | H58: =Analysis!$CI$68 -> 466 | I58: =Analysis!$CI$69 -> 463 | J58: =Analysis!$CI$70 -> 413 | K58: =Analysis!$CI$71 -> 341 | L58: =Analysis!$CI$72 -> 314 | M58: =Analysis!$CI$73 -> 320 | N58: =Analysis!$CI$74 -> 329 | O58: =Analysis!$CI$75 -> 311 | P58: =Analysis!$CI$76 -> 344 | Q58: =Analysis!$CI$77 -> 468 | R58: =Analysis!$CI$78 -> 537 | S58: =Analysis!$CI$79 -> 565 | T58: =SUM(H58:S58) -> 4871 | U58: ผู้ตรวจ........................วันที่........./......../........
A59: ขอสงวนสิทธิ์โดย สำนักการจราจรและขนส่ง กรุงเทพมหานคร | G59: 45 | H59: =Analysis!$CJ$68 -> 701 | I59: =Analysis!$CJ$69 -> 685 | J59: =Analysis!$CJ$70 -> 607 | K59: =Analysis!$CJ$71 -> 500 | L59: =Analysis!$CJ$72 -> 467 | M59: =Analysis!$CJ$73 -> 468 | N59: =Analysis!$CJ$74 -> 476 | O59: =Analysis!$CJ$75 -> 473 | P59: =Analysis!$CJ$76 -> 533 | Q59: =Analysis!$CJ$77 -> 667 | R59: =Analysis!$CJ$78 -> 761 | S59: =Analysis!$CJ$79 -> 835 | T59: =SUM(H59:S59) -> 7173
A60: หากนำข้อมูลไปใช้ขอให้อ้างอิงแหล่งที่มาด้วย | F60: QL (เมตร) | H60: =Queue!$AL44 -> 96.875 | I60: =Queue!$AL45 -> 140 | J60: =Queue!$AL46 -> 96 | K60: =Queue!$AL47 -> 80 | L60: =Queue!$AL48 -> 85 | M60: =Queue!$AL49 -> 88 | N60: =Queue!$AL50 -> 80 | O60: =Queue!$AL51 -> 87.692308 | P60: =Queue!$AL52 -> 116.25 | Q60: =Queue!$AL53 -> 150 | R60: =Queue!$AL54 -> 118.33333 | S60: =Queue!$AL55 -> 108 | U60: ผู้พิมพ์.........................วันที่........./......../........
A61: ชื่อทางแยก | B61: =B1 -> หลักสี่ | I61: =I1 -> ข้อมูลปริมาณการจราจรบริเวณทางแยกในกรุงเทพมหานคร
A62: ถนน | B62: =B2 -> แจ้งวัฒนะ - กำแพงเพชร | F62: หมายเลข | H62: =H2 -> 500 | M62: วันที่ | N62: =N2 -> 20 พฤษภาคม 2569 | S62: สภาพอากาศ | U62: =U2 -> ปกติ
J63: ปริมาณการจราจรแต่ละช่วงเวลา (คัน/ชม.) | O63: รวมทุกทิศทาง | R63: (ไม่รวม รถจักรยานยนต์)
G64: เวลา | H64: 7.- | I64: 8.- | J64: 9.- | K64: 10.- | L64: 11.- | M64: 12.- | N64: 13.- | O64: 14.- | P64: 15.- | Q64: 16.- | R64: 17.- | S64: 18.- | T64: รวม
G65: 15 | H65: =SUM(H15,H29,H43,H57) -> 909 | I65: =SUM(I15,I29,I43,I57) -> 896 | J65: =SUM(J15,J29,J43,J57) -> 880 | K65: =SUM(K15,K29,K43,K57) -> 784 | L65: =SUM(L15,L29,L43,L57) -> 787 | M65: =SUM(M15,M29,M43,M57) -> 805 | N65: =SUM(N15,N29,N43,N57) -> 809 | O65: =SUM(O15,O29,O43,O57) -> 786 | ... S65: =SUM(S15,S29,S43,S57) -> 947 | T65: =SUM($H$65:$S$65) -> 10263
G66: 30 | H66: =SUM(H16,H30,H44,H58) -> 1769 | I66: =SUM(I16,I30,I44,I58) -> 1769 | J66: =SUM(J16,J30,J44,J58) -> 1707 | K66: =SUM(K16,K30,K44,K58) -> 1571 | L66: =SUM(L16,L30,L44,L58) -> 1581 | M66: =SUM(M16,M30,M44,M58) -> 1590 | N66: =SUM(N16,N30,N44,N58) -> 1653 | O66: =SUM(O16,O30,O44,O58) -> 1586 | ... S66: =SUM(S16,S30,S44,S58) -> 1808 | T66: =SUM($H$66:$S$66) -> 20403
G67: 45 | H67: =SUM(H17,H31,H45,H59) -> 2673 | I67: =SUM(I17,I31,I45,I59) -> 2600 | J67: =SUM(J17,J31,J45,J59) -> 2593 | K67: =SUM(K17,K31,K45,K59) -> 2372 | L67: =SUM(L17,L31,L45,L59) -> 2367 | M67: =SUM(M17,M31,M45,M59) -> 2339 | N67: =SUM(N17,N31,N45,N59) -> 2400 | O67: =SUM(O17,O31,O45,O59) -> 2399 | ... S67: =SUM(S17,S31,S45,S59) -> 2680 | T67: =SUM($H$67:$S$67) -> 30494
G68: ชม. | H68: =SUM(H12,H26,H40,H54) -> 3550 | I68: =SUM(I12,I26,I40,I54) -> 3448 | J68: =SUM(J12,J26,J40,J54) -> 3368 | K68: =SUM(K12,K26,K40,K54) -> 3173 | L68: =SUM(L12,L26,L40,L54) -> 3134 | M68: =SUM(M12,M26,M40,M54) -> 3133 | N68: =SUM(N12,N26,N40,N54) -> 3180 | O68: =SUM(O12,O26,O40,O54) -> 3210 | ... S68: =SUM(S12,S26,S40,S54) -> 3477 | T68: =SUM($H$68:$S$68) -> 40551
H69: ปริมาณการจราจรแยกประเภท (ช่วงเวลาเร่งด่วน และนอกเวลาเร่งด่วน)
F70: ประเภท/ทิศทาง | H70: NB 7-9 | I70: EB 7-9 | J70: SB 7-9 | K70: WB 7-9 | L70: รวม | M70: NB 9-17 | N70: EB 9-17 | O70: SB 9-17 | P70: WB 9-17 | Q70: รวม | R70: NB 17-19 | S70: EB 17-19 | T70: SB 17-19 | U70: WB 17-19 | V70: รวม | W70: รวม 7 - 19
F71: รถยนต์ | H71: =Analysis!$B$97 -> 712 | I71: =Analysis!$AD$97 -> 2398 | J71: =Analysis!$BF$97 -> 1010 | K71: =Analysis!$CH$97 -> 1600 | L71: =SUM($H$71:$K$71) -> 5720 | M71: =Analysis!$B$98 -> 3305 | N71: =Analysis!$AD$98 -> 8570 | O71: =Analysis!$BF$98 -> 3852 | P71: =Analysis!$CH$98 -> 4427 | Q71: =SUM($M$71:$P$71) -> 20154 | R71: =Analysis!$B$99 -> 711 | S71: =Analysis!$AD$99 -> 2366 | T71: =Analysis!$BF$99 -> 948 | U71: =Analysis!$CH$99 -> 1716 | V71: =SUM($R$71:$U$71) -> 5741 | W71: =SUM($V$71,$Q$71,$L$71) -> 31615 | AA71: nb+sb | AB71: 7-9 | AC71: =H71+J71 -> 1722 | AD71: =H72+J72 -> 363 | AE71: =H73+J73 -> 2 | AF71: =H74+J74 -> 0 | AG71: =H75+J75 -> 8 | AH71: =H76+J76 -> 3
F72: รถตู้,ปิคอัพ | H72: =Analysis!$C$97 -> 155 | I72: =Analysis!$AE$97 -> 607 | J72: =Analysis!$BG$97 -> 208 | K72: =Analysis!$CI$97 -> 202 | L72: =SUM($H$72:$K$72) -> 1172 | M72: =Analysis!$C$98 -> 846 | N72: =Analysis!$AE$98 -> 2910 | O72: =Analysis!$BG$98 -> 860 | P72: =Analysis!$CI$98 -> 1029 | Q72: =SUM($M$72:$P$72) -> 5645 | R72: =Analysis!$C$99 -> 174 | S72: =Analysis!$AE$99 -> 649 | T72: =Analysis!$BG$99 -> 222 | U72: =Analysis!$CI$99 -> 447 | V72: =SUM($R$72:$U$72) -> 1492 | W72: =SUM($V$72,$Q$72,$L$72) -> 8309 | AB72: 9-16 | AC72: =M71+O71 -> 7157 | AD72: =M72+O72 -> 1706 | AE72: =M73+O73 -> 1 | AF72: =M74+O74 -> 0 | AG72: =M75+O75 -> 56 | AH72: =M76+O76 -> 17
F73: เมล์ใหญ่ | H73: =Analysis!$D$97 -> 1 | I73: =Analysis!$AF$97 -> 5 | J73: =Analysis!$BH$97 -> 1 | K73: =Analysis!$CJ$97 -> 10 | L73: =SUM($H$73:$K$73) -> 17 | M73: =Analysis!$D$98 -> 1 | N73: =Analysis!$AF$98 -> 26 | O73: =Analysis!$BH$98 -> 0 | P73: =Analysis!$CJ$98 -> 13 | Q73: =SUM($M$73:$P$73) -> 40 | R73: =Analysis!$D$99 -> 1 | S73: =Analysis!$AF$99 -> 7 | T73: =Analysis!$BH$99 -> 2 | U73: =Analysis!$CJ$99 -> 2 | V73: =SUM($R$73:$U$73) -> 12 | W73: =SUM($V$73,$Q$73,$L$73) -> 69 | AB73: 16-19 | AC73: =R71+T71 -> 1659 | AD73: =R72+T72 -> 396 | AE73: =R73+T73 -> 3 | AF73: =R74+T74 -> 0 | AG73: =R75+T75 -> 10 | AH73: =R76+T76 -> 3
F74: เมล์เล็ก | H74: =Analysis!$E$97 -> 0 | I74: =Analysis!$AG$97 -> 1 | J74: =Analysis!$BI$97 -> 0 | K74: =Analysis!$CK$97 -> 1 | L74: =SUM($H$74:$K$74) -> 2 | M74: =Analysis!$E$98 -> 0 | N74: =Analysis!$AG$98 -> 8 | O74: =Analysis!$BI$98 -> 0 | P74: =Analysis!$CK$98 -> 7 | Q74: =SUM($M$74:$P$74) -> 15 | R74: =Analysis!$E$99 -> 0 | S74: =Analysis!$AG$99 -> 2 | T74: =Analysis!$BI$99 -> 0 | U74: =Analysis!$CK$99 -> 4 | V74: =SUM($R$74:$U$74) -> 6 | W74: =SUM($V$74,$Q$74,$L$74) -> 23 | AA74: eb+wb | AB74: 7-9 | AC74: =I71+K71 -> 3998 | AD74: =I72+K72 -> 809 | AE74: =I73+K73 -> 15 | AF74: =I74+K74 -> 2 | AG74: =I75+K75 -> 71 | AH74: =I76+K76 -> 5
F75: บรรทุก | H75: =Analysis!$F$97 -> 5 | I75: =Analysis!$AH$97 -> 44 | J75: =Analysis!$BJ$97 -> 3 | K75: =Analysis!$CL$97 -> 27 | L75: =SUM($H$75:$K$75) -> 79 | M75: =Analysis!$F$98 -> 28 | N75: =Analysis!$AH$98 -> 220 | O75: =Analysis!$BJ$98 -> 28 | P75: =Analysis!$CL$98 -> 63 | Q75: =SUM($M$75:$P$75) -> 339 | R75: =Analysis!$F$99 -> 5 | S75: =Analysis!$AH$99 -> 27 | T75: =Analysis!$BJ$99 -> 5 | U75: =Analysis!$CL$99 -> 7 | V75: =SUM($R$75:$U$75) -> 44 | W75: =SUM($V$75,$Q$75,$L$75) -> 462 | AB75: 9-16 | AC75: =N71+P71 -> 12997 | AD75: =N72+P72 -> 3939 | AE75: =N73+P73 -> 39 | AF75: =N74+P74 -> 15 | AG75: =N75+P75 -> 283 | AH75: =N76+P76 -> 31
F76: สามล้อ | H76: =Analysis!$G$97 -> 3 | I76: =Analysis!$AI$97 -> 5 | J76: =Analysis!$BK$97 -> 0 | K76: =Analysis!$CM$97 -> 0 | L76: =SUM($H$76:$K$76) -> 8 | M76: =Analysis!$G$98 -> 17 | N76: =Analysis!$AI$98 -> 19 | O76: =Analysis!$BK$98 -> 0 | P76: =Analysis!$CM$98 -> 12 | Q76: =SUM($M$76:$P$76) -> 48 | R76: =Analysis!$G$99 -> 3 | S76: =Analysis!$AI$99 -> 9 | T76: =Analysis!$BK$99 -> 0 | U76: =Analysis!$CM$99 -> 5 | V76: =SUM($R$76:$U$76) -> 17 | W76: =SUM($V$76,$Q$76,$L$76) -> 73 | X76: ต่อชั่วโมง | AB76: 16-19 | AC76: =S71+U71 -> 4082 | AD76: =S72+U72 -> 1096 | AE76: =S73+U73 -> 9 | AF76: =S74+U74 -> 6 | AG76: =S75+U75 -> 34 | AH76: =S76+U76 -> 14
F77: รวม | H77: =SUM($H$71:$H$76) -> 876 | I77: =SUM($I$71:$I$76) -> 3060 | J77: =SUM($J$71:$J$76) -> 1222 | K77: =SUM($K$71:$K$76) -> 1840 | L77: =SUM($L$71:$L$76) -> 6998 | M77: =SUM($M$71:$M$76) -> 4197 | N77: =SUM($N$71:$N$76) -> 11753 | O77: =SUM($O$71:$O$76) -> 4740 | P77: =SUM($P$71:$P$76) -> 5551 | Q77: =SUM($Q$71:$Q$76) -> 26241 | R77: =SUM($R$71:$R$76) -> 894 | S77: =SUM($S$71:$S$76) -> 3060 | T77: =SUM($T$71:$T$76) -> 1177 | U77: =SUM($U$71:$U$76) -> 2181 | V77: =SUM($V$71:$V$76) -> 7312 | W77: =SUM($V$77,$Q$77,$L$77) -> 40551 | X77: =$W$77/12 -> 3379.25
F78: PCU | H78: =($H$71*1)+($H$72*1)+($H$73*2.1)+($H$74*1.5)+($H$75*2.5)+($H$76*0.93) -> 884.39 | I78: =($I$71*1)+($I$72*1)+($I$73*2.1)+($I$74*1.5)+($I$75*2.5)+($I$76*0.93) -> 3131.65 | J78: =($J$71*1)+($J$72*1)+($J$73*2.1)+($J$74*1.5)+($J$75*2.5)+($J$76*0.93) -> 1227.6 | K78: =($K$71*1)+($K$72*1)+($K$73*2.1)+($K$74*1.5)+($K$75*2.5)+($K$76*0.93) -> 1892 | L78: =SUM($H$78:$K$78) -> 7135.64 | M78: =($M$71*1)+($M$72*1)+($M$73*2.1)+($M$74*1.5)+($M$75*2.5)+($M$76*0.93) -> 4238.91 | N78: =($N$71*1)+($N$72*1)+($N$73*2.1)+($N$74*1.5)+($N$75*2.5)+($N$76*0.93) -> 12114.27 | O78: =($O$71*1)+($O$72*1)+($O$73*2.1)+($O$74*1.5)+($O$75*2.5)+($O$76*0.93) -> 4782 | P78: =($P$71*1)+($P$72*1)+($P$73*2.1)+($P$74*1.5)+($P$75*2.5)+($P$76*0.93) -> 5662.46 | Q78: =SUM($M$78:$P$78) -> 26797.64 | R78: =($R$71*1)+($R$72*1)+($R$73*2.1)+($R$74*1.5)+($R$75*2.5)+($R$76*0.93) -> 902.39 | S78: =($S$71*1)+($S$72*1)+($S$73*2.1)+($S$74*1.5)+($S$75*2.5)+($S$76*0.93) -> 3108.57 | T78: =($T$71*1)+($T$72*1)+($T$73*2.1)+($T$74*1.5)+($T$75*2.5)+($T$76*0.93) -> 1186.7 | U78: =($U$71*1)+($U$72*1)+($U$73*2.1)+($U$74*1.5)+($U$75*2.5)+($U$76*0.93) -> 2195.35 | V78: =SUM($R$78:$U$78) -> 7393.01
F79: PCU /HOUR | J79: 7.00-9.00 | L79: =L78/2 -> 3567.82 | O79: 9.00-17.00 | Q79: =Q78/8 -> 3349.705 | T79: 17.00-19.00 | V79: =V78/2 -> 3696.505 | W79: =(W71*1)+(W72*1)+(W73*2.1)+(W74*1.5)+(W75*2.5)+(W76*0.93) -> 41326.29 | X79: =$W$79/12 -> 3443.8575
F80: ปริมาณการจราจรรถทุกชนิดบนถนนแต่ละเส้น (หน่วยเป็นคัน)
F81: ชื่อถนน | K81: เวลาเร่งด่วนเช้า 7-9 | N81: นอกเวลาเร่งด่วน 9-17 | Q81: เวลาเร่งด่วนเย็น 17-19 | T81: ตลอดวัน 7-19
K82: 7 - 9 | L82: คัน/ช.ม. | M82: pcu/hour | N82: 9 - 17 | O82: คัน/ช.ม. | P82: pcu/hour | Q82: 17 - 19 | R82: คัน/ช.ม. | S82: pcu/hour | T82: คัน/ช.ม. | U82: pcu/hour
F83: =Header!B11 -> ถนนกำแพงเพชร 6 | K83: =Analysis!J97 -> 2307 | L83: =Analysis!K97 -> 1153.5 | M83: =Analysis!K105 -> 1165.71 | N83: =Analysis!J98 -> 8842 | O83: =Analysis!K98 -> 1105.25 | P83: =Analysis!K106 -> 1119.0613 | Q83: =Analysis!J99 -> 2426 | R83: =Analysis!K99 -> 1213 | S83: =Analysis!K107 -> 1224.8 | T83: =Analysis!K100 -> 1131.25 | U83: =Analysis!K108 -> 1144.4592
F84: =Header!B13 -> ถนนกำแพงเพชร 6 | K84: =Analysis!BN97 -> 1922 | L84: =Analysis!BO97 -> 961 | M84: =Analysis!BO105 -> 965.3 | N84: =Analysis!BN98 -> 8829 | O84: =Analysis!BO98 -> 1103.625 | P84: =Analysis!BO106 -> 1110.8488 | Q84: =Analysis!BN99 -> 2037 | R84: =Analysis!BO99 -> 1018.5 | S84: =Analysis!BO107 -> 1024.615 | T84: =Analysis!BO100 -> 1065.6667 | U84: =Analysis!BO108 -> 1072.2183
F85: ถนนกำแพงเพชร 6 | K85: =IFERROR(AVERAGEIF(K$83:K$84,">0"),"-") -> 2114.5 | L85: =IFERROR(AVERAGEIF(L$83:L$84,">0"),"-") -> 1057.25 | M85: =IFERROR(AVERAGEIF(M$83:M$84,">0"),"-") -> 1065.505 | N85: =IFERROR(AVERAGEIF(N$83:N$84,">0"),"-") -> 8835.5 | O85: =IFERROR(AVERAGEIF(O$83:O$84,">0"),"-") -> 1104.4375 | P85: =IFERROR(AVERAGEIF(P$83:P$84,">0"),"-") -> 1114.955 | Q85: =IFERROR(AVERAGEIF(Q$83:Q$84,">0"),"-") -> 2231.5 | R85: =IFERROR(AVERAGEIF(R$83:R$84,">0"),"-") -> 1115.75 | ... U85: =IFERROR(AVERAGEIF(U$83:U$84,">0"),"-") -> 1108.3388
F86: =Header!B12 -> ถนนแจ้งวัฒนะ | K86: =Analysis!AL97 -> 5969 | L86: =Analysis!AM97 -> 2984.5 | M86: =Analysis!AM105 -> 3053.965 | N86: =Analysis!AL98 -> 21748 | O86: =Analysis!AM98 -> 2718.5 | P86: =Analysis!AM106 -> 2785.0525 | Q86: =Analysis!AL99 -> 6224 | R86: =Analysis!AM99 -> 3112 | S86: =Analysis!AM107 -> 3154.205 | T86: =Analysis!AM100 -> 2828.4167 | U86: =Analysis!AM108 -> 2891.3967
F87: =Header!B14 -> ถนนแจ้งวัฒนะ | K87: =Analysis!CP97 -> 3798 | L87: =Analysis!CQ97 -> 1899 | M87: =Analysis!CQ105 -> 1950.665 | N87: =Analysis!CP98 -> 13063 | O87: =Analysis!CQ98 -> 1632.875 | P87: =Analysis!CQ106 -> 1684.4475 | Q87: =Analysis!CP99 -> 3937 | R87: =Analysis!CQ99 -> 1968.5 | S87: =Analysis!CQ107 -> 1989.39 | T87: =Analysis!CQ100 -> 1733.1667 | U87: =Analysis!CQ108 -> 1779.6408
F88: ถนนแจ้งวัฒนะ | K88: =IFERROR(AVERAGEIF(K$86:K$87,">0"),"-") -> 4883.5 | L88: =IFERROR(AVERAGEIF(L$86:L$87,">0"),"-") -> 2441.75 | M88: =IFERROR(AVERAGEIF(M$86:M$87,">0"),"-") -> 2502.315 | N88: =IFERROR(AVERAGEIF(N$86:N$87,">0"),"-") -> 17405.5 | O88: =IFERROR(AVERAGEIF(O$86:O$87,">0"),"-") -> 2175.6875 | P88: =IFERROR(AVERAGEIF(P$86:P$87,">0"),"-") -> 2234.75 | Q88: =IFERROR(AVERAGEIF(Q$86:Q$87,">0"),"-") -> 5080.5 | R88: =IFERROR(AVERAGEIF(R$86:R$87,">0"),"-") -> 2540.25 | ... U88: =IFERROR(AVERAGEIF(U$86:U$87,">0"),"-") -> 2335.5187

Sheet Analysis
A1: ทิศทาง | E1: NB1 | L1: NB2 | S1: NB3 | Z1: NB4 | AG1: EB5 | AN1: EB6 | AU1: EB7 | BB1: EB8 | BI1: SB9 | BP1: SB10 | BW1: SB11 | CD1: SB12 | CK1: WB13 | CR1: WB14 | CY1: WB15 | DF1: WB16 | DM1: NB*1 | DT1: NB2* | EA1: NB*3 | EO1: EB*5 | EV1: EB6* | FC1: EB*7 | FQ1: SB*9 | FX1: SB10* | GE1: SB*11 | GS1: WB*13 | GZ1: WB14* | HG1: WB*15
A2: เวลา | B2: รถยนต์ | C2: ตู้,ปิคอัพ | D2: เมล์ใหญ่ | E2: เมล์เล็ก | F2: บรรทุก | G2: สามล้อ | H2: SUM | I2: รถยนต์ | J2: ตู้,ปิคอัพ | K2: เมล์ใหญ่ | L2: เมล์เล็ก | M2: บรรทุก | N2: สามล้อ | O2: SUM | P2: รถยนต์ | Q2: ตู้,ปิคอัพ | R2: เมล์ใหญ่ | S2: เมล์เล็ก | T2: บรรทุก | U2: สามล้อ | V2: SUM | W2: รถยนต์ | X2: ตู้,ปิคอัพ | Y2: เมล์ใหญ่ | Z2: เมล์เล็ก | AA2: บรรทุก | AB2: สามล้อ | AC2: SUM | AD2: รถยนต์ | AE2: ตู้,ปิคอัพ | AF2: เมล์ใหญ่ | AG2: เมล์เล็ก | AH2: บรรทุก | AI2: สามล้อ | AJ2: SUM | AK2: รถยนต์ | AL2: ตู้,ปิคอัพ | AM2: เมล์ใหญ่ | AN2: เมล์เล็ก | AO2: บรรทุก | AP2: สามล้อ | AQ2: SUM | AR2: รถยนต์ | AS2: ตู้,ปิคอัพ | AT2: เมล์ใหญ่ | AU2: เมล์เล็ก | AV2: บรรทุก | AW2: สามล้อ | AX2: SUM | AY2: รถยนต์ | AZ2: ตู้,ปิคอัพ | BA2: เมล์ใหญ่ | BB2: เมล์เล็ก | BC2: บรรทุก | BD2: สามล้อ | BE2: SUM | BF2: รถยนต์ | BG2: ตู้,ปิคอัพ | BH2: เมล์ใหญ่ | BI2: เมล์เล็ก | BJ2: บรรทุก | BK2: สามล้อ | BL2: SUM | BM2: รถยนต์ | BN2: ตู้,ปิคอัพ | BO2: เมล์ใหญ่ | BP2: เมล์เล็ก | BQ2: บรรทุก | BR2: สามล้อ | BS2: SUM | BT2: รถยนต์ | BU2: ตู้,ปิคอัพ | BV2: เมล์ใหญ่ | BW2: เมล์เล็ก | BX2: บรรทุก | BY2: สามล้อ | BZ2: SUM | CA2: รถยนต์ | CB2: ตู้,ปิคอัพ | CC2: เมล์ใหญ่ | CD2: เมล์เล็ก | CE2: บรรทุก | CF2: สามล้อ | CG2: SUM | CH2: รถยนต์ | CI2: ตู้,ปิคอัพ | CJ2: เมล์ใหญ่ | CK2: เมล์เล็ก | CL2: บรรทุก | CM2: สามล้อ | CN2: SUM | CO2: รถยนต์ | CP2: ตู้,ปิคอัพ | CQ2: เมล์ใหญ่ | CR2: เมล์เล็ก | CS2: บรรทุก | CT2: สามล้อ | CU2: SUM | CV2: รถยนต์ | CW2: ตู้,ปิคอัพ | CX2: เมล์ใหญ่ | CY2: เมล์เล็ก | CZ2: บรรทุก | DA2: สามล้อ | DB2: SUM | DC2: รถยนต์ | DD2: ตู้,ปิคอัพ | DE2: เมล์ใหญ่ | DF2: เมล์เล็ก | DG2: บรรทุก | DH2: สามล้อ | DI2: SUM | DJ2: รถยนต์ | DK2: ตู้,ปิคอัพ | DL2: เมล์ใหญ่ | DM2: เมล์เล็ก | DN2: บรรทุก | DO2: สามล้อ | DP2: SUM | DQ2: รถยนต์ | DR2: ตู้,ปิคอัพ | DS2: เมล์ใหญ่ | DT2: เมล์เล็ก | DU2: บรรทุก | DV2: สามล้อ | DW2: SUM | DX2: รถยนต์ | DY2: ตู้,ปิคอัพ | DZ2: เมล์ใหญ่ | EA2: เมล์เล็ก | EB2: บรรทุก | EC2: สามล้อ | ED2: SUM | EL2: รถยนต์ | EM2: ตู้,ปิคอัพ | EN2: เมล์ใหญ่ | EO2: เมล์เล็ก | EP2: บรรทุก | EQ2: สามล้อ | ER2: SUM | ES2: รถยนต์ | ET2: ตู้,ปิคอัพ | EU2: เมล์ใหญ่ | EV2: เมล์เล็ก | EW2: บรรทุก | EX2: สามล้อ | EY2: SUM | EZ2: รถยนต์ | FA2: ตู้,ปิคอัพ | FB2: เมล์ใหญ่ | FC2: เมล์เล็ก | FD2: บรรทุก | FE2: สามล้อ | FF2: SUM | FN2: รถยนต์ | FO2: ตู้,ปิคอัพ | FP2: เมล์ใหญ่ | FQ2: เมล์เล็ก | FR2: บรรทุก | FS2: สามล้อ | FT2: SUM | FU2: รถยนต์ | FV2: ตู้,ปิคอัพ | FW2: เมล์ใหญ่ | FX2: เมล์เล็ก | FY2: บรรทุก | FZ2: สามล้อ | GA2: SUM | GB2: รถยนต์ | GC2: ตู้,ปิคอัพ | GD2: เมล์ใหญ่ | GE2: เมล์เล็ก | GF2: บรรทุก | GG2: สามล้อ | GH2: SUM | GP2: รถยนต์ | GQ2: ตู้,ปิคอัพ | GR2: เมล์ใหญ่ | GS2: เมล์เล็ก | GT2: บรรทุก | GU2: สามล้อ | GV2: SUM | GW2: รถยนต์ | GX2: ตู้,ปิคอัพ | GY2: เมล์ใหญ่ | GZ2: เมล์เล็ก | HA2: บรรทุก | HB2: สามล้อ | HC2: SUM | HD2: รถยนต์ | HE2: ตู้,ปิคอัพ | HF2: เมล์ใหญ่ | HG2: เมล์เล็ก | HH2: บรรทุก | HI2: สามล้อ | HJ2: SUM
A3: 7.00-7.15 | B3: =volume!B3 -> 38 | C3: =volume!C3 -> 7 | D3: =volume!D3 -> 0 | E3: =volume!E3 -> 0 | F3: =volume!F3 -> 1 | G3: =volume!G3 -> 0 | H3: =SUM($B3:$G3) -> 46 | I3: =volume!I3 -> 22 | J3: =volume!J3 -> 5 | K3: =volume!K3 -> 0 | L3: =volume!L3 -> 0 | M3: =volume!M3 -> 0 | N3: =volume!N3 -> 0 | O3: =SUM(I3:N3) -> 27 | P3: =volume!P3 -> 29 | Q3: =volume!Q3 -> 9 | R3: =volume!R3 -> 0 | S3: =volume!S3 -> 0 | T3: =volume!T3 -> 0 | U3: =volume!U3 -> 0 | V3: =SUM(P3:U3) -> 38 | W3: =volume!W3 -> 0 | X3: =volume!X3 -> 0 | Y3: =volume!Y3 -> 0 | Z3: =volume!Z3 -> 0 | AA3: =volume!AA3 -> 0 | AB3: =volume!AB3 -> 0 | AC3: =SUM(W3:AB3) -> 0 | AD3: =volume!AD3 -> 48 | AE3: =volume!AE3 -> 18 | AF3: =volume!AF3 -> 0 | AG3: =volume!AG3 -> 0 | AH3: =volume!AH3 -> 1 | AI3: =volume!AI3 -> 0 | AJ3: =SUM(AD3:AI3) -> 67 | AK3: =volume!AK3 -> 191 | AL3: =volume!AL3 -> 39 | AM3: =volume!AM3 -> 0 | AN3: =volume!AN3 -> 0 | AO3: =volume!AO3 -> 0 | AP3: =volume!AP3 -> 0 | AQ3: =SUM(AK3:AP3) -> 230 | AR3: =volume!AR3 -> 35 | AS3: =volume!AS3 -> 7 | AT3: =volume!AT3 -> 0 | AU3: =volume!AU3 -> 0 | AV3: =volume!AV3 -> 0 | AW3: =volume!AW3 -> 0 | AX3: =SUM(AR3:AW3) -> 42 | AY3: =volume!AY3 -> 54 | AZ3: =volume!AZ3 -> 11 | BA3: =volume!BA3 -> 0 | BB3: =volume!BB3 -> 0 | BC3: =volume!BC3 -> 1 | BD3: =volume!BD3 -> 0 | BE3: =SUM(AY3:BD3) -> 66 | BF3: =volume!BF3 -> 2 | BG3: =volume!BG3 -> 0 | BH3: =volume!BH3 -> 0 | BI3: =volume!BI3 -> 0 | BJ3: =volume!BJ3 -> 0 | BK3: =volume!BK3 -> 0 | BL3: =SUM(BF3:BK3) -> 2 | BM3: =volume!BM3 -> 75 | BN3: =volume!BN3 -> 7 | BO3: =volume!BO3 -> 0 | BP3: =volume!BP3 -> 0 | BQ3: =volume!BQ3 -> 0 | BR3: =volume!BR3 -> 0 | BS3: =SUM(BM3:BR3) -> 82 | BT3: =volume!BT3 -> 65 | BU3: =volume!BU3 -> 10 | BV3: =volume!BV3 -> 0 | BW3: =volume!BW3 -> 0 | BX3: =volume!BX3 -> 0 | BY3: =volume!BY3 -> 0 | BZ3: =SUM(BT3:BY3) -> 75 | CA3: =volume!CA3 -> 0 | CB3: =volume!CB3 -> 0 | CC3: =volume!CC3 -> 0 | CD3: =volume!CD3 -> 0 | CE3: =volume!CE3 -> 0 | CF3: =volume!CF3 -> 0 | CG3: =SUM(CA3:CF3) -> 0 | CH3: =volume!CH3 -> 67 | CI3: =volume!CI3 -> 6 | CJ3: =volume!CJ3 -> 0 | CK3: =volume!CK3 -> 0 | CL3: =volume!CL3 -> 0 | CM3: =volume!CM3 -> 0 | CN3: =SUM(CH3:CM3) -> 73 | CO3: =volume!CO3 -> 138 | CP3: =volume!CP3 -> 15 | CQ3: =volume!CQ3 -> 3 | CR3: =volume!CR3 -> 0 | CS3: =volume!CS3 -> 5 | CT3: =volume!CT3 -> 0 | CU3: =SUM(CO3:CT3) -> 161 | CV3: =volume!CV3 -> 0 | CW3: =volume!CW3 -> 0 | CX3: =volume!CX3 -> 0 | CY3: =volume!CY3 -> 0 | CZ3: =volume!CZ3 -> 0 | DA3: =volume!DA3 -> 0 | DB3: =SUM(CV3:DA3) -> 0 | DC3: =volume!DC3 -> 0 | DD3: =volume!DD3 -> 0 | DE3: =volume!DE3 -> 0 | DF3: =volume!DF3 -> 0 | DG3: =volume!DG3 -> 0 | DH3: =volume!DH3 -> 0 | DI3: =SUM(DC3:DH3) -> 0 | DJ3: =volume!DJ3 -> 0 | DK3: =volume!DK3 -> 0 | DL3: =volume!DL3 -> 0 | DM3: =volume!DM3 -> 0 | DN3: =volume!DN3 -> 0 | DO3: =volume!DO3 -> 0 | DP3: =SUM(DJ3:DO3) -> 0 | DQ3: =volume!DQ3 -> 0 | DR3: =volume!DR3 -> 0 | DS3: =volume!DS3 -> 0 | DT3: =volume!DT3 -> 0 | DU3: =volume!DU3 -> 0 | DV3: =volume!DV3 -> 0 | DW3: =SUM(DQ3:DV3) -> 0 | DX3: =volume!DX3 -> 0 | DY3: =volume!DY3 -> 0 | DZ3: =volume!DZ3 -> 0 | EA3: =volume!EA3 -> 0 | EB3: =volume!EB3 -> 0 | EC3: =volume!EC3 -> 0 | ED3: =SUM(DX3:EC3) -> 0 | EL3: =volume!EL3 -> 0 | EM3: =volume!EM3 -> 0 | EN3: =volume!EN3 -> 0 | EO3: =volume!EO3 -> 0 | EP3: =volume!EP3 -> 0 | EQ3: =volume!EQ3 -> 0 | ER3: =SUM(EL3:EQ3) -> 0 | ES3: =volume!ES3 -> 0 | ET3: =volume!ET3 -> 0 | EU3: =volume!EU3 -> 0 | EV3: =volume!EV3 -> 0 | EW3: =volume!EW3 -> 0 | EX3: =volume!EX3 -> 0 | EY3: =SUM(ES3:EX3) -> 0 | EZ3: =volume!EZ3 -> 0 | FA3: =volume!FA3 -> 0 | FB3: =volume!FB3 -> 0 | FC3: =volume!FC3 -> 0 | FD3: =volume!FD3 -> 0 | FE3: =volume!FE3 -> 0 | FF3: =SUM(EZ3:FE3) -> 0 | FN3: =volume!FN3 -> 0 | FO3: =volume!FO3 -> 0 | FP3: =volume!FP3 -> 0 | FQ3: =volume!FQ3 -> 0 | FR3: =volume!FR3 -> 0 | FS3: =volume!FS3 -> 0 | FT3: =SUM(FN3:FS3) -> 0 | FU3: =volume!FU3 -> 0 | FV3: =volume!FV3 -> 0 | FW3: =volume!FW3 -> 0 | FX3: =volume!FX3 -> 0 | FY3: =volume!FY3 -> 0 | FZ3: =volume!FZ3 -> 0 | GA3: =SUM(FU3:FZ3) -> 0 | GB3: =volume!GB3 -> 0 | GC3: =volume!GC3 -> 0 | GD3: =volume!GD3 -> 0 | GE3: =volume!GE3 -> 0 | GF3: =volume!GF3 -> 0 | GG3: =volume!GG3 -> 0 | GH3: =SUM(GB3:GG3) -> 0 | GP3: =volume!GP3 -> 0 | GQ3: =volume!GQ3 -> 0 | GR3: =volume!GR3 -> 0 | GS3: =volume!GS3 -> 0 | GT3: =volume!GT3 -> 0 | GU3: =volume!GU3 -> 0 | GV3: =SUM(GP3:GU3) -> 0 | GW3: =volume!GW3 -> 0 | GX3: =volume!GX3 -> 0 | GY3: =volume!GY3 -> 0 | GZ3: =volume!GZ3 -> 0 | HA3: =volume!HA3 -> 0 | HB3: =volume!HB3 -> 0 | HC3: =SUM(GW3:HB3) -> 0 | HD3: =volume!HD3 -> 0 | HE3: =volume!HE3 -> 0 | HF3: =volume!HF3 -> 0 | HG3: =volume!HG3 -> 0 | HH3: =volume!HH3 -> 0 | HI3: =volume!HI3 -> 0 | HJ3: =SUM(HD3:HI3) -> 0
A4: 7.15-7.30 | B4: =volume!B4 -> 44 | C4: =volume!C4 -> 4 | D4: =volume!D4 -> 0 | E4: =volume!E4 -> 0 | F4: =volume!F4 -> 0 | G4: =volume!G4 -> 1 | H4: =SUM($B4:$G4) -> 49 | I4: =volume!I4 -> 27 | J4: =volume!J4 -> 4 | K4: =volume!K4 -> 0 | L4: =volume!L4 -> 0 | M4: =volume!M4 -> 0 | N4: =volume!N4 -> 0 | O4: =SUM(I4:N4) -> 31 | P4: =volume!P4 -> 30 | Q4: =volume!Q4 -> 3 | R4: =volume!R4 -> 0 | S4: =volume!S4 -> 0 | T4: =volume!T4 -> 0 | U4: =volume!U4 -> 0 | V4: =SUM(P4:U4) -> 33 | W4: =volume!W4 -> 0 | X4: =volume!X4 -> 0 | Y4: =volume!Y4 -> 0 | Z4: =volume!Z4 -> 0 | AA4: =volume!AA4 -> 0 | AB4: =volume!AB4 -> 0 | AC4: =SUM(W4:AB4) -> 0 | AD4: =volume!AD4 -> 51 | AE4: =volume!AE4 -> 14 | AF4: =volume!AF4 -> 0 | AG4: =volume!AG4 -> 0 | AH4: =volume!AH4 -> 0 | AI4: =volume!AI4 -> 0 | AJ4: =SUM(AD4:AI4) -> 65 | AK4: =volume!AK4 -> 180 | AL4: =volume!AL4 -> 24 | AM4: =volume!AM4 -> 0 | AN4: =volume!AN4 -> 0 | AO4: =volume!AO4 -> 7 | AP4: =volume!AP4 -> 0 | AQ4: =SUM(AK4:AP4) -> 211 | AR4: =volume!AR4 -> 26 | AS4: =volume!AS4 -> 3 | AT4: =volume!AT4 -> 0 | AU4: =volume!AU4 -> 0 | AV4: =volume!AV4 -> 0 | AW4: =volume!AW4 -> 0 | AX4: =SUM(AR4:AW4) -> 29 | AY4: =volume!AY4 -> 61 | AZ4: =volume!AZ4 -> 13 | BA4: =volume!BA4 -> 0 | BB4: =volume!BB4 -> 0 | BC4: =volume!BC4 -> 0 | BD4: =volume!BD4 -> 0 | BE4: =SUM(AY4:BD4) -> 74 | BF4: =volume!BF4 -> 2 | BG4: =volume!BG4 -> 0 | BH4: =volume!BH4 -> 0 | BI4: =volume!BI4 -> 0 | BJ4: =volume!BJ4 -> 0 | BK4: =volume!BK4 -> 0 | BL4: =SUM(BF4:BK4) -> 2 | BM4: =volume!BM4 -> 68 | BN4: =volume!BN4 -> 9 | BO4: =volume!BO4 -> 0 | BP4: =volume!BP4 -> 0 | BQ4: =volume!BQ4 -> 0 | BR4: =volume!BR4 -> 0 | BS4: =SUM(BM4:BR4) -> 77 | BT4: =volume!BT4 -> 49 | BU4: =volume!BU4 -> 8 | BV4: =volume!BV4 -> 0 | BW4: =volume!BW4 -> 0 | BX4: =volume!BX4 -> 0 | BY4: =volume!BY4 -> 0 | BZ4: =SUM(BT4:BY4) -> 57 | CA4: =volume!CA4 -> 0 | CB4: =volume!CB4 -> 0 | CC4: =volume!CC4 -> 0 | CD4: =volume!CD4 -> 0 | CE4: =volume!CE4 -> 0 | CF4: =volume!CF4 -> 0 | CG4: =SUM(CA4:CF4) -> 0 | CH4: =volume!CH4 -> 56 | CI4: =volume!CI4 -> 3 | CJ4: =volume!CJ4 -> 0 | CK4: =volume!CK4 -> 0 | CL4: =volume!CL4 -> 1 | CM4: =volume!CM4 -> 0 | CN4: =SUM(CH4:CM4) -> 60 | CO4: =volume!CO4 -> 146 | CP4: =volume!CP4 -> 21 | CQ4: =volume!CQ4 -> 2 | CR4: =volume!CR4 -> 0 | CS4: =volume!CS4 -> 3 | CT4: =volume!CT4 -> 0 | CU4: =SUM(CO4:CT4) -> 172 | CV4: =volume!CV4 -> 0 | CW4: =volume!CW4 -> 0 | CX4: =volume!CX4 -> 0 | CY4: =volume!CY4 -> 0 | CZ4: =volume!CZ4 -> 0 | DA4: =volume!DA4 -> 0 | DB4: =SUM(CV4:DA4) -> 0 | DC4: =volume!DC4 -> 0 | DD4: =volume!DD4 -> 0 | DE4: =volume!DE4 -> 0 | DF4: =volume!DF4 -> 0 | DG4: =volume!DG4 -> 0 | DH4: =volume!DH4 -> 0 | DI4: =SUM(DC4:DH4) -> 0 | DJ4: =volume!DJ4 -> 0 | DK4: =volume!DK4 -> 0 | DL4: =volume!DL4 -> 0 | DM4: =volume!DM4 -> 0 | DN4: =volume!DN4 -> 0 | DO4: =volume!DO4 -> 0 | DP4: =SUM(DJ4:DO4) -> 0 | DQ4: =volume!DQ4 -> 0 | DR4: =volume!DR4 -> 0 | DS4: =volume!DS4 -> 0 | DT4: =volume!DT4 -> 0 | DU4: =volume!DU4 -> 0 | DV4: =volume!DV4 -> 0 | DW4: =SUM(DQ4:DV4) -> 0 | DX4: =volume!DX4 -> 0 | DY4: =volume!DY4 -> 0 | DZ4: =volume!DZ4 -> 0 | EA4: =volume!EA4 -> 0 | EB4: =volume!EB4 -> 0 | EC4: =volume!EC4 -> 0 | ED4: =SUM(DX4:EC4) -> 0 | EL4: =volume!EL4 -> 0 | EM4: =volume!EM4 -> 0 | EN4: =volume!EN4 -> 0 | EO4: =volume!EO4 -> 0 | EP4: =volume!EP4 -> 0 | EQ4: =volume!EQ4 -> 0 | ER4: =SUM(EL4:EQ4) -> 0 | ES4: =volume!ES4 -> 0 | ET4: =volume!ET4 -> 0 | EU4: =volume!EU4 -> 0 | EV4: =volume!EV4 -> 0 | EW4: =volume!EW4 -> 0 | EX4: =volume!EX4 -> 0 | EY4: =SUM(ES4:EX4) -> 0 | EZ4: =volume!EZ4 -> 0 | FA4: =volume!FA4 -> 0 | FB4: =volume!FB4 -> 0 | FC4: =volume!FC4 -> 0 | FD4: =volume!FD4 -> 0 | FE4: =volume!FE4 -> 0 | FF4: =SUM(EZ4:FE4) -> 0 | FN4: =volume!FN4 -> 0 | FO4: =volume!FO4 -> 0 | FP4: =volume!FP4 -> 0 | FQ4: =volume!FQ4 -> 0 | FR4: =volume!FR4 -> 0 | FS4: =volume!FS4 -> 0 | FT4: =SUM(FN4:FS4) -> 0 | FU4: =volume!FU4 -> 0 | FV4: =volume!FV4 -> 0 | FW4: =volume!FW4 -> 0 | FX4: =volume!FX4 -> 0 | FY4: =volume!FY4 -> 0 | FZ4: =volume!FZ4 -> 0 | GA4: =SUM(FU4:FZ4) -> 0 | GB4: =volume!GB4 -> 0 | GC4: =volume!GC4 -> 0 | GD4: =volume!GD4 -> 0 | GE4: =volume!GE4 -> 0 | GF4: =volume!GF4 -> 0 | GG4: =volume!GG4 -> 0 | GH4: =SUM(GB4:GG4) -> 0 | GP4: =volume!GP4 -> 0 | GQ4: =volume!GQ4 -> 0 | GR4: =volume!GR4 -> 0 | GS4: =volume!GS4 -> 0 | GT4: =volume!GT4 -> 0 | GU4: =volume!GU4 -> 0 | GV4: =SUM(GP4:GU4) -> 0 | GW4: =volume!GW4 -> 0 | GX4: =volume!GX4 -> 0 | GY4: =volume!GY4 -> 0 | GZ4: =volume!GZ4 -> 0 | HA4: =volume!HA4 -> 0 | HB4: =volume!HB4 -> 0 | HC4: =SUM(GW4:HB4) -> 0 | HD4: =volume!HD4 -> 0 | HE4: =volume!HE4 -> 0 | HF4: =volume!HF4 -> 0 | HG4: =volume!HG4 -> 0 | HH4: =volume!HH4 -> 0 | HI4: =volume!HI4 -> 0 | HJ4: =SUM(HD4:HI4) -> 0
A5: 7.30-7.45 | B5: =volume!B5 -> 41 | C5: =volume!C5 -> 9 | D5: =volume!D5 -> 0 | E5: =volume!E5 -> 0 | F5: =volume!F5 -> 2 | G5: =volume!G5 -> 0 | H5: =SUM($B5:$G5) -> 52 | I5: =volume!I5 -> 21 | J5: =volume!J5 -> 9 | K5: =volume!K5 -> 0 | L5: =volume!L5 -> 0 | M5: =volume!M5 -> 0 | N5: =volume!N5 -> 0 | O5: =SUM(I5:N5) -> 30 | P5: =volume!P5 -> 27 | Q5: =volume!Q5 -> 5 | R5: =volume!R5 -> 0 | S5: =volume!S5 -> 0 | T5: =volume!T5 -> 0 | U5: =volume!U5 -> 0 | V5: =SUM(P5:U5) -> 32 | W5: =volume!W5 -> 0 | X5: =volume!X5 -> 0 | Y5: =volume!Y5 -> 0 | Z5: =volume!Z5 -> 0 | AA5: =volume!AA5 -> 0 | AB5: =volume!AB5 -> 0 | AC5: =SUM(W5:AB5) -> 0 | AD5: =volume!AD5 -> 43 | AE5: =volume!AE5 -> 16 | AF5: =volume!AF5 -> 0 | AG5: =volume!AG5 -> 0 | AH5: =volume!AH5 -> 0 | AI5: =volume!AI5 -> 0 | AJ5: =SUM(AD5:AI5) -> 59 | AK5: =volume!AK5 -> 177 | AL5: =volume!AL5 -> 41 | AM5: =volume!AM5 -> 1 | AN5: =volume!AN5 -> 1 | AO5: =volume!AO5 -> 2 | AP5: =volume!AP5 -> 0 | AQ5: =SUM(AK5:AP5) -> 222 | AR5: =volume!AR5 -> 31 | AS5: =volume!AS5 -> 9 | AT5: =volume!AT5 -> 0 | AU5: =volume!AU5 -> 0 | AV5: =volume!AV5 -> 0 | AW5: =volume!AW5 -> 0 | AX5: =SUM(AR5:AW5) -> 40 | AY5: =volume!AY5 -> 57 | AZ5: =volume!AZ5 -> 17 | BA5: =volume!BA5 -> 0 | BB5: =volume!BB5 -> 0 | BC5: =volume!BC5 -> 0 | BD5: =volume!BD5 -> 0 | BE5: =SUM(AY5:BD5) -> 74 | BF5: =volume!BF5 -> 3 | BG5: =volume!BG5 -> 1 | BH5: =volume!BH5 -> 0 | BI5: =volume!BI5 -> 0 | BJ5: =volume!BJ5 -> 0 | BK5: =volume!BK5 -> 0 | BL5: =SUM(BF5:BK5) -> 4 | BM5: =volume!BM5 -> 70 | BN5: =volume!BN5 -> 13 | BO5: =volume!BO5 -> 0 | BP5: =volume!BP5 -> 0 | BQ5: =volume!BQ5 -> 1 | BR5: =volume!BR5 -> 0 | BS5: =SUM(BM5:BR5) -> 84 | BT5: =volume!BT5 -> 60 | BU5: =volume!BU5 -> 12 | BV5: =volume!BV5 -> 0 | BW5: =volume!BW5 -> 0 | BX5: =volume!BX5 -> 0 | BY5: =volume!BY5 -> 0 | BZ5: =SUM(BT5:BY5) -> 72 | CA5: =volume!CA5 -> 0 | CB5: =volume!CB5 -> 0 | CC5: =volume!CC5 -> 0 | CD5: =volume!CD5 -> 0 | CE5: =volume!CE5 -> 0 | CF5: =volume!CF5 -> 0 | CG5: =SUM(CA5:CF5) -> 0 | CH5: =volume!CH5 -> 52 | CI5: =volume!CI5 -> 5 | CJ5: =volume!CJ5 -> 0 | CK5: =volume!CK5 -> 0 | CL5: =volume!CL5 -> 0 | CM5: =volume!CM5 -> 0 | CN5: =SUM(CH5:CM5) -> 57 | CO5: =volume!CO5 -> 153 | CP5: =volume!CP5 -> 23 | CQ5: =volume!CQ5 -> 1 | CR5: =volume!CR5 -> 0 | CS5: =volume!CS5 -> 1 | CT5: =volume!CT5 -> 0 | CU5: =SUM(CO5:CT5) -> 178 | CV5: =volume!CV5 -> 0 | CW5: =volume!CW5 -> 0 | CX5: =volume!CX5 -> 0 | CY5: =volume!CY5 -> 0 | CZ5: =volume!CZ5 -> 0 | DA5: =volume!DA5 -> 0 | DB5: =SUM(CV5:DA5) -> 0 | DC5: =volume!DC5 -> 0 | DD5: =volume!DD5 -> 0 | DE5: =volume!DE5 -> 0 | DF5: =volume!DF5 -> 0 | DG5: =volume!DG5 -> 0 | DH5: =volume!DH5 -> 0 | DI5: =SUM(DC5:DH5) -> 0 | DJ5: =volume!DJ5 -> 0 | DK5: =volume!DK5 -> 0 | DL5: =volume!DL5 -> 0 | DM5: =volume!DM5 -> 0 | DN5: =volume!DN5 -> 0 | DO5: =volume!DO5 -> 0 | DP5: =SUM(DJ5:DO5) -> 0 | DQ5: =volume!DQ5 -> 0 | DR5: =volume!DR5 -> 0 | DS5: =volume!DS5 -> 0 | DT5: =volume!DT5 -> 0 | DU5: =volume!DU5 -> 0 | DV5: =volume!DV5 -> 0 | DW5: =SUM(DQ5:DV5) -> 0 | DX5: =volume!DX5 -> 0 | DY5: =volume!DY5 -> 0 | DZ5: =volume!DZ5 -> 0 | EA5: =volume!EA5 -> 0 | EB5: =volume!EB5 -> 0 | EC5: =volume!EC5 -> 0 | ED5: =SUM(DX5:EC5) -> 0 | EL5: =volume!EL5 -> 0 | EM5: =volume!EM5 -> 0 | EN5: =volume!EN5 -> 0 | EO5: =volume!EO5 -> 0 | EP5: =volume!EP5 -> 0 | EQ5: =volume!EQ5 -> 0 | ER5: =SUM(EL5:EQ5) -> 0 | ES5: =volume!ES5 -> 0 | ET5: =volume!ET5 -> 0 | EU5: =volume!EU5 -> 0 | EV5: =volume!EV5 -> 0 | EW5: =volume!EW5 -> 0 | EX5: =volume!EX5 -> 0 | EY5: =SUM(ES5:EX5) -> 0 | EZ5: =volume!EZ5 -> 0 | FA5: =volume!FA5 -> 0 | FB5: =volume!FB5 -> 0 | FC5: =volume!FC5 -> 0 | FD5: =volume!FD5 -> 0 | FE5: =volume!FE5 -> 0 | FF5: =SUM(EZ5:FE5) -> 0 | FN5: =volume!FN5 -> 0 | FO5: =volume!FO5 -> 0 | FP5: =volume!FP5 -> 0 | FQ5: =volume!FQ5 -> 0 | FR5: =volume!FR5 -> 0 | FS5: =volume!FS5 -> 0 | FT5: =SUM(FN5:FS5) -> 0 | FU5: =volume!FU5 -> 0 | FV5: =volume!FV5 -> 0 | FW5: =volume!FW5 -> 0 | FX5: =volume!FX5 -> 0 | FY5: =volume!FY5 -> 0 | FZ5: =volume!FZ5 -> 0 | GA5: =SUM(FU5:FZ5) -> 0 | GB5: =volume!GB5 -> 0 | GC5: =volume!GC5 -> 0 | GD5: =volume!GD5 -> 0 | GE5: =volume!GE5 -> 0 | GF5: =volume!GF5 -> 0 | GG5: =volume!GG5 -> 0 | GH5: =SUM(GB5:GG5) -> 0 | GP5: =volume!GP5 -> 0 | GQ5: =volume!GQ5 -> 0 | GR5: =volume!GR5 -> 0 | GS5: =volume!GS5 -> 0 | GT5: =volume!GT5 -> 0 | GU5: =volume!GU5 -> 0 | GV5: =SUM(GP5:GU5) -> 0 | GW5: =volume!GW5 -> 0 | GX5: =volume!GX5 -> 0 | GY5: =volume!GY5 -> 0 | GZ5: =volume!GZ5 -> 0 | HA5: =volume!HA5 -> 0 | HB5: =volume!HB5 -> 0 | HC5: =SUM(GW5:HB5) -> 0 | HD5: =volume!HD5 -> 0 | HE5: =volume!HE5 -> 0 | HF5: =volume!HF5 -> 0 | HG5: =volume!HG5 -> 0 | HH5: =volume!HH5 -> 0 | HI5: =volume!HI5 -> 0 | HJ5: =SUM(HD5:HI5) -> 0
A6: 7.45-8.00 | B6: =volume!B6 -> 56 | C6: =volume!C6 -> 5 | D6: =volume!D6 -> 0 | E6: =volume!E6 -> 0 | F6: =volume!F6 -> 0 | G6: =volume!G6 -> 0 | H6: =SUM($B6:$G6) -> 61 | I6: =volume!I6 -> 18 | J6: =volume!J6 -> 11 | K6: =volume!K6 -> 0 | L6: =volume!L6 -> 0 | M6: =volume!M6 -> 0 | N6: =volume!N6 -> 0 | O6: =SUM(I6:N6) -> 29 | P6: =volume!P6 -> 18 | Q6: =volume!Q6 -> 6 | R6: =volume!R6 -> 0 | S6: =volume!S6 -> 0 | T6: =volume!T6 -> 0 | U6: =volume!U6 -> 0 | V6: =SUM(P6:U6) -> 24 | W6: =volume!W6 -> 0 | X6: =volume!X6 -> 0 | Y6: =volume!Y6 -> 0 | Z6: =volume!Z6 -> 0 | AA6: =volume!AA6 -> 0 | AB6: =volume!AB6 -> 0 | AC6: =SUM(W6:AB6) -> 0 | AD6: =volume!AD6 -> 48 | AE6: =volume!AE6 -> 10 | AF6: =volume!AF6 -> 0 | AG6: =volume!AG6 -> 0 | AH6: =volume!AH6 -> 0 | AI6: =volume!AI6 -> 0 | AJ6: =SUM(AD6:AI6) -> 58 | AK6: =volume!AK6 -> 168 | AL6: =volume!AL6 -> 37 | AM6: =volume!AM6 -> 0 | AN6: =volume!AN6 -> 0 | AO6: =volume!AO6 -> 4 | AP6: =volume!AP6 -> 0 | AQ6: =SUM(AK6:AP6) -> 209 | AR6: =volume!AR6 -> 23 | AS6: =volume!AS6 -> 5 | AT6: =volume!AT6 -> 0 | AU6: =volume!AU6 -> 0 | AV6: =volume!AV6 -> 0 | AW6: =volume!AW6 -> 0 | AX6: =SUM(AR6:AW6) -> 28 | AY6: =volume!AY6 -> 66 | AZ6: =volume!AZ6 -> 12 | BA6: =volume!BA6 -> 1 | BB6: =volume!BB6 -> 0 | BC6: =volume!BC6 -> 2 | BD6: =volume!BD6 -> 0 | BE6: =SUM(AY6:BD6) -> 81 | BF6: =volume!BF6 -> 6 | BG6: =volume!BG6 -> 2 | BH6: =volume!BH6 -> 0 | BI6: =volume!BI6 -> 0 | BJ6: =volume!BJ6 -> 0 | BK6: =volume!BK6 -> 0 | BL6: =SUM(BF6:BK6) -> 8 | BM6: =volume!BM6 -> 62 | BN6: =volume!BN6 -> 8 | BO6: =volume!BO6 -> 0 | BP6: =volume!BP6 -> 0 | BQ6: =volume!BQ6 -> 0 | BR6: =volume!BR6 -> 0 | BS6: =SUM(BM6:BR6) -> 70 | BT6: =volume!BT6 -> 55 | BU6: =volume!BU6 -> 9 | BV6: =volume!BV6 -> 0 | BW6: =volume!BW6 -> 0 | BX6: =volume!BX6 -> 0 | BY6: =volume!BY6 -> 0 | BZ6: =SUM(BT6:BY6) -> 64 | CA6: =volume!CA6 -> 0 | CB6: =volume!CB6 -> 0 | CC6: =volume!CC6 -> 0 | CD6: =volume!CD6 -> 0 | CE6: =volume!CE6 -> 0 | CF6: =volume!CF6 -> 0 | CG6: =SUM(CA6:CF6) -> 0 | CH6: =volume!CH6 -> 60 | CI6: =volume!CI6 -> 7 | CJ6: =volume!CJ6 -> 0 | CK6: =volume!CK6 -> 0 | CL6: =volume!CL6 -> 0 | CM6: =volume!CM6 -> 0 | CN6: =SUM(CH6:CM6) -> 67 | CO6: =volume!CO6 -> 150 | CP6: =volume!CP6 -> 25 | CQ6: =volume!CQ6 -> 1 | CR6: =volume!CR6 -> 0 | CS6: =volume!CS6 -> 2 | CT6: =volume!CT6 -> 0 | CU6: =SUM(CO6:CT6) -> 178 | CV6: =volume!CV6 -> 0 | CW6: =volume!CW6 -> 0 | CX6: =volume!CX6 -> 0 | CY6: =volume!CY6 -> 0 | CZ6: =volume!CZ6 -> 0 | DA6: =volume!DA6 -> 0 | DB6: =SUM(CV6:DA6) -> 0 | DC6: =volume!DC6 -> 0 | DD6: =volume!DD6 -> 0 | DE6: =volume!DE6 -> 0 | DF6: =volume!DF6 -> 0 | DG6: =volume!DG6 -> 0 | DH6: =volume!DH6 -> 0 | DI6: =SUM(DC6:DH6) -> 0 | DJ6: =volume!DJ6 -> 0 | DK6: =volume!DK6 -> 0 | DL6: =volume!DL6 -> 0 | DM6: =volume!DM6 -> 0 | DN6: =volume!DN6 -> 0 | DO6: =volume!DO6 -> 0 | DP6: =SUM(DJ6:DO6) -> 0 | DQ6: =volume!DQ6 -> 0 | DR6: =volume!DR6 -> 0 | DS6: =volume!DS6 -> 0 | DT6: =volume!DT6 -> 0 | DU6: =volume!DU6 -> 0 | DV6: =volume!DV6 -> 0 | DW6: =SUM(DQ6:DV6) -> 0 | DX6: =volume!DX6 -> 0 | DY6: =volume!DY6 -> 0 | DZ6: =volume!DZ6 -> 0 | EA6: =volume!EA6 -> 0 | EB6: =volume!EB6 -> 0 | EC6: =volume!EC6 -> 0 | ED6: =SUM(DX6:EC6) -> 0 | EL6: =volume!EL6 -> 0 | EM6: =volume!EM6 -> 0 | EN6: =volume!EN6 -> 0 | EO6: =volume!EO6 -> 0 | EP6: =volume!EP6 -> 0 | EQ6: =volume!EQ6 -> 0 | ER6: =SUM(EL6:EQ6) -> 0 | ES6: =volume!ES6 -> 0 | ET6: =volume!ET6 -> 0 | EU6: =volume!EU6 -> 0 | EV6: =volume!EV6 -> 0 | EW6: =volume!EW6 -> 0 | EX6: =volume!EX6 -> 0 | EY6: =SUM(ES6:EX6) -> 0 | EZ6: =volume!EZ6 -> 0 | FA6: =volume!FA6 -> 0 | FB6: =volume!FB6 -> 0 | FC6: =volume!FC6 -> 0 | FD6: =volume!FD6 -> 0 | FE6: =volume!FE6 -> 0 | FF6: =SUM(EZ6:FE6) -> 0 | FN6: =volume!FN6 -> 0 | FO6: =volume!FO6 -> 0 | FP6: =volume!FP6 -> 0 | FQ6: =volume!FQ6 -> 0 | FR6: =volume!FR6 -> 0 | FS6: =volume!FS6 -> 0 | FT6: =SUM(FN6:FS6) -> 0 | FU6: =volume!FU6 -> 0 | FV6: =volume!FV6 -> 0 | FW6: =volume!FW6 -> 0 | FX6: =volume!FX6 -> 0 | FY6: =volume!FY6 -> 0 | FZ6: =volume!FZ6 -> 0 | GA6: =SUM(FU6:FZ6) -> 0 | GB6: =volume!GB6 -> 0 | GC6: =volume!GC6 -> 0 | GD6: =volume!GD6 -> 0 | GE6: =volume!GE6 -> 0 | GF6: =volume!GF6 -> 0 | GG6: =volume!GG6 -> 0 | GH6: =SUM(GB6:GG6) -> 0 | GP6: =volume!GP6 -> 0 | GQ6: =volume!GQ6 -> 0 | GR6: =volume!GR6 -> 0 | GS6: =volume!GS6 -> 0 | GT6: =volume!GT6 -> 0 | GU6: =volume!GU6 -> 0 | GV6: =SUM(GP6:GU6) -> 0 | GW6: =volume!GW6 -> 0 | GX6: =volume!GX6 -> 0 | GY6: =volume!GY6 -> 0 | GZ6: =volume!GZ6 -> 0 | HA6: =volume!HA6 -> 0 | HB6: =volume!HB6 -> 0 | HC6: =SUM(GW6:HB6) -> 0 | HD6: =volume!HD6 -> 0 | HE6: =volume!HE6 -> 0 | HF6: =volume!HF6 -> 0 | HG6: =volume!HG6 -> 0 | HH6: =volume!HH6 -> 0 | HI6: =volume!HI6 -> 0 | HJ6: =SUM(HD6:HI6) -> 0
A7: 8.00-8.15 | B7: =volume!B7 -> 52 | C7: =volume!C7 -> 5 | D7: =volume!D7 -> 1 | E7: =volume!E7 -> 0 | F7: =volume!F7 -> 0 | G7: =volume!G7 -> 2 | H7: =SUM($B7:$G7) -> 60 | I7: =volume!I7 -> 19 | J7: =volume!J7 -> 8 | K7: =volume!K7 -> 0 | L7: =volume!L7 -> 0 | M7: =volume!M7 -> 0 | N7: =volume!N7 -> 0 | O7: =SUM(I7:N7) -> 27 | P7: =volume!P7 -> 15 | Q7: =volume!Q7 -> 9 | R7: =volume!R7 -> 0 | S7: =volume!S7 -> 0 | T7: =volume!T7 -> 0 | U7: =volume!U7 -> 0 | V7: =SUM(P7:U7) -> 24 | W7: =volume!W7 -> 0 | X7: =volume!X7 -> 0 | Y7: =volume!Y7 -> 0 | Z7: =volume!Z7 -> 0 | AA7: =volume!AA7 -> 0 | AB7: =volume!AB7 -> 0 | AC7: =SUM(W7:AB7) -> 0 | AD7: =volume!AD7 -> 45 | AE7: =volume!AE7 -> 14 | AF7: =volume!AF7 -> 0 | AG7: =volume!AG7 -> 0 | AH7: =volume!AH7 -> 0 | AI7: =volume!AI7 -> 0 | AJ7: =SUM(AD7:AI7) -> 59 | AK7: =volume!AK7 -> 154 | AL7: =volume!AL7 -> 48 | AM7: =volume!AM7 -> 2 | AN7: =volume!AN7 -> 0 | AO7: =volume!AO7 -> 2 | AP7: =volume!AP7 -> 0 | AQ7: =SUM(AK7:AP7) -> 206 | AR7: =volume!AR7 -> 38 | AS7: =volume!AS7 -> 8 | AT7: =volume!AT7 -> 0 | AU7: =volume!AU7 -> 0 | AV7: =volume!AV7 -> 0 | AW7: =volume!AW7 -> 0 | AX7: =SUM(AR7:AW7) -> 46 | AY7: =volume!AY7 -> 60 | AZ7: =volume!AZ7 -> 16 | BA7: =volume!BA7 -> 0 | BB7: =volume!BB7 -> 0 | BC7: =volume!BC7 -> 1 | BD7: =volume!BD7 -> 1 | BE7: =SUM(AY7:BD7) -> 78 | BF7: =volume!BF7 -> 2 | BG7: =volume!BG7 -> 2 | BH7: =volume!BH7 -> 0 | BI7: =volume!BI7 -> 0 | BJ7: =volume!BJ7 -> 0 | BK7: =volume!BK7 -> 0 | BL7: =SUM(BF7:BK7) -> 4 | BM7: =volume!BM7 -> 58 | BN7: =volume!BN7 -> 10 | BO7: =volume!BO7 -> 0 | BP7: =volume!BP7 -> 0 | BQ7: =volume!BQ7 -> 0 | BR7: =volume!BR7 -> 0 | BS7: =SUM(BM7:BR7) -> 68 | BT7: =volume!BT7 -> 63 | BU7: =volume!BU7 -> 17 | BV7: =volume!BV7 -> 0 | BW7: =volume!BW7 -> 0 | BX7: =volume!BX7 -> 0 | BY7: =volume!BY7 -> 0 | BZ7: =SUM(BT7:BY7) -> 80 | CA7: =volume!CA7 -> 0 | CB7: =volume!CB7 -> 0 | CC7: =volume!CC7 -> 0 | CD7: =volume!CD7 -> 0 | CE7: =volume!CE7 -> 0 | CF7: =volume!CF7 -> 0 | CG7: =SUM(CA7:CF7) -> 0 | CH7: =volume!CH7 -> 69 | CI7: =volume!CI7 -> 10 | CJ7: =volume!CJ7 -> 0 | CK7: =volume!CK7 -> 0 | CL7: =volume!CL7 -> 1 | CM7: =volume!CM7 -> 0 | CN7: =SUM(CH7:CM7) -> 80 | CO7: =volume!CO7 -> 142 | CP7: =volume!CP7 -> 18 | CQ7: =volume!CQ7 -> 2 | CR7: =volume!CR7 -> 0 | CS7: =volume!CS7 -> 2 | CT7: =volume!CT7 -> 0 | CU7: =SUM(CO7:CT7) -> 164 | CV7: =volume!CV7 -> 0 | CW7: =volume!CW7 -> 0 | CX7: =volume!CX7 -> 0 | CY7: =volume!CY7 -> 0 | CZ7: =volume!CZ7 -> 0 | DA7: =volume!DA7 -> 0 | DB7: =SUM(CV7:DA7) -> 0 | DC7: =volume!DC7 -> 0 | DD7: =volume!DD7 -> 0 | DE7: =volume!DE7 -> 0 | DF7: =volume!DF7 -> 0 | DG7: =volume!DG7 -> 0 | DH7: =volume!DH7 -> 0 | DI7: =SUM(DC7:DH7) -> 0 | DJ7: =volume!DJ7 -> 0 | DK7: =volume!DK7 -> 0 | DL7: =volume!DL7 -> 0 | DM7: =volume!DM7 -> 0 | DN7: =volume!DN7 -> 0 | DO7: =volume!DO7 -> 0 | DP7: =SUM(DJ7:DO7) -> 0 | DQ7: =volume!DQ7 -> 0 | DR7: =volume!DR7 -> 0 | DS7: =volume!DS7 -> 0 | DT7: =volume!DT7 -> 0 | DU7: =volume!DU7 -> 0 | DV7: =volume!DV7 -> 0 | DW7: =SUM(DQ7:DV7) -> 0 | DX7: =volume!DX7 -> 0 | DY7: =volume!DY7 -> 0 | DZ7: =volume!DZ7 -> 0 | EA7: =volume!EA7 -> 0 | EB7: =volume!EB7 -> 0 | EC7: =volume!EC7 -> 0 | ED7: =SUM(DX7:EC7) -> 0 | EL7: =volume!EL7 -> 0 | EM7: =volume!EM7 -> 0 | EN7: =volume!EN7 -> 0 | EO7: =volume!EO7 -> 0 | EP7: =volume!EP7 -> 0 | EQ7: =volume!EQ7 -> 0 | ER7: =SUM(EL7:EQ7) -> 0 | ES7: =volume!ES7 -> 0 | ET7: =volume!ET7 -> 0 | EU7: =volume!EU7 -> 0 | EV7: =volume!EV7 -> 0 | EW7: =volume!EW7 -> 0 | EX7: =volume!EX7 -> 0 | EY7: =SUM(ES7:EX7) -> 0 | EZ7: =volume!EZ7 -> 0 | FA7: =volume!FA7 -> 0 | FB7: =volume!FB7 -> 0 | FC7: =volume!FC7 -> 0 | FD7: =volume!FD7 -> 0 | FE7: =volume!FE7 -> 0 | FF7: =SUM(EZ7:FE7) -> 0 | FN7: =volume!FN7 -> 0 | FO7: =volume!FO7 -> 0 | FP7: =volume!FP7 -> 0 | FQ7: =volume!FQ7 -> 0 | FR7: =volume!FR7 -> 0 | FS7: =volume!FS7 -> 0 | FT7: =SUM(FN7:FS7) -> 0 | FU7: =volume!FU7 -> 0 | FV7: =volume!FV7 -> 0 | FW7: =volume!FW7 -> 0 | FX7: =volume!FX7 -> 0 | FY7: =volume!FY7 -> 0 | FZ7: =volume!FZ7 -> 0 | GA7: =SUM(FU7:FZ7) -> 0 | GB7: =volume!GB7 -> 0 | GC7: =volume!GC7 -> 0 | GD7: =volume!GD7 -> 0 | GE7: =volume!GE7 -> 0 | GF7: =volume!GF7 -> 0 | GG7: =volume!GG7 -> 0 | GH7: =SUM(GB7:GG7) -> 0 | GP7: =volume!GP7 -> 0 | GQ7: =volume!GQ7 -> 0 | GR7: =volume!GR7 -> 0 | GS7: =volume!GS7 -> 0 | GT7: =volume!GT7 -> 0 | GU7: =volume!GU7 -> 0 | GV7: =SUM(GP7:GU7) -> 0 | GW7: =volume!GW7 -> 0 | GX7: =volume!GX7 -> 0 | GY7: =volume!GY7 -> 0 | GZ7: =volume!GZ7 -> 0 | HA7: =volume!HA7 -> 0 | HB7: =volume!HB7 -> 0 | HC7: =SUM(GW7:HB7) -> 0 | HD7: =volume!HD7 -> 0 | HE7: =volume!HE7 -> 0 | HF7: =volume!HF7 -> 0 | HG7: =volume!HG7 -> 0 | HH7: =volume!HH7 -> 0 | HI7: =volume!HI7 -> 0 | HJ7: =SUM(HD7:HI7) -> 0
A8: 8.15-8.30 | B8: =volume!B8 -> 47 | C8: =volume!C8 -> 8 | D8: =volume!D8 -> 0 | E8: =volume!E8 -> 0 | F8: =volume!F8 -> 1 | G8: =volume!G8 -> 0 | H8: =SUM($B8:$G8) -> 56 | I8: =volume!I8 -> 23 | J8: =volume!J8 -> 2 | K8: =volume!K8 -> 0 | L8: =volume!L8 -> 0 | M8: =volume!M8 -> 0 | N8: =volume!N8 -> 0 | O8: =SUM(I8:N8) -> 25 | P8: =volume!P8 -> 23 | Q8: =volume!Q8 -> 4 | R8: =volume!R8 -> 0 | S8: =volume!S8 -> 0 | T8: =volume!T8 -> 0 | U8: =volume!U8 -> 0 | V8: =SUM(P8:U8) -> 27 | W8: =volume!W8 -> 0 | X8: =volume!X8 -> 0 | Y8: =volume!Y8 -> 0 | Z8: =volume!Z8 -> 0 | AA8: =volume!AA8 -> 0 | AB8: =volume!AB8 -> 0 | AC8: =SUM(W8:AB8) -> 0 | AD8: =volume!AD8 -> 39 | AE8: =volume!AE8 -> 11 | AF8: =volume!AF8 -> 0 | AG8: =volume!AG8 -> 0 | AH8: =volume!AH8 -> 1 | AI8: =volume!AI8 -> 0 | AJ8: =SUM(AD8:AI8) -> 51 | AK8: =volume!AK8 -> 147 | AL8: =volume!AL8 -> 55 | AM8: =volume!AM8 -> 0 | AN8: =volume!AN8 -> 0 | AO8: =volume!AO8 -> 6 | AP8: =volume!AP8 -> 0 | AQ8: =SUM(AK8:AP8) -> 208 | AR8: =volume!AR8 -> 30 | AS8: =volume!AS8 -> 4 | AT8: =volume!AT8 -> 0 | AU8: =volume!AU8 -> 0 | AV8: =volume!AV8 -> 1 | AW8: =volume!AW8 -> 1 | AX8: =SUM(AR8:AW8) -> 36 | AY8: =volume!AY8 -> 58 | AZ8: =volume!AZ8 -> 13 | BA8: =volume!BA8 -> 0 | BB8: =volume!BB8 -> 0 | BC8: =volume!BC8 -> 0 | BD8: =volume!BD8 -> 2 | BE8: =SUM(AY8:BD8) -> 73 | BF8: =volume!BF8 -> 1 | BG8: =volume!BG8 -> 3 | BH8: =volume!BH8 -> 0 | BI8: =volume!BI8 -> 0 | BJ8: =volume!BJ8 -> 0 | BK8: =volume!BK8 -> 0 | BL8: =SUM(BF8:BK8) -> 4 | BM8: =volume!BM8 -> 60 | BN8: =volume!BN8 -> 14 | BO8: =volume!BO8 -> 0 | BP8: =volume!BP8 -> 0 | BQ8: =volume!BQ8 -> 0 | BR8: =volume!BR8 -> 0 | BS8: =SUM(BM8:BR8) -> 74 | BT8: =volume!BT8 -> 76 | BU8: =volume!BU8 -> 24 | BV8: =volume!BV8 -> 0 | BW8: =volume!BW8 -> 0 | BX8: =volume!BX8 -> 0 | BY8: =volume!BY8 -> 0 | BZ8: =SUM(BT8:BY8) -> 100 | CA8: =volume!CA8 -> 0 | CB8: =volume!CB8 -> 0 | CC8: =volume!CC8 -> 0 | CD8: =volume!CD8 -> 0 | CE8: =volume!CE8 -> 0 | CF8: =volume!CF8 -> 0 | CG8: =SUM(CA8:CF8) -> 0 | CH8: =volume!CH8 -> 58 | CI8: =volume!CI8 -> 8 | CJ8: =volume!CJ8 -> 0 | CK8: =volume!CK8 -> 0 | CL8: =volume!CL8 -> 0 | CM8: =volume!CM8 -> 0 | CN8: =SUM(CH8:CM8) -> 66 | CO8: =volume!CO8 -> 138 | CP8: =volume!CP8 -> 12 | CQ8: =volume!CQ8 -> 0 | CR8: =volume!CR8 -> 0 | CS8: =volume!CS8 -> 3 | CT8: =volume!CT8 -> 0 | CU8: =SUM(CO8:CT8) -> 153 | CV8: =volume!CV8 -> 0 | CW8: =volume!CW8 -> 0 | CX8: =volume!CX8 -> 0 | CY8: =volume!CY8 -> 0 | CZ8: =volume!CZ8 -> 0 | DA8: =volume!DA8 -> 0 | DB8: =SUM(CV8:DA8) -> 0 | DC8: =volume!DC8 -> 0 | DD8: =volume!DD8 -> 0 | DE8: =volume!DE8 -> 0 | DF8: =volume!DF8 -> 0 | DG8: =volume!DG8 -> 0 | DH8: =volume!DH8 -> 0 | DI8: =SUM(DC8:DH8) -> 0 | DJ8: =volume!DJ8 -> 0 | DK8: =volume!DK8 -> 0 | DL8: =volume!DL8 -> 0 | DM8: =volume!DM8 -> 0 | DN8: =volume!DN8 -> 0 | DO8: =volume!DO8 -> 0 | DP8: =SUM(DJ8:DO8) -> 0 | DQ8: =volume!DQ8 -> 0 | DR8: =volume!DR8 -> 0 | DS8: =volume!DS8 -> 0 | DT8: =volume!DT8 -> 0 | DU8: =volume!DU8 -> 0 | DV8: =volume!DV8 -> 0 | DW8: =SUM(DQ8:DV8) -> 0 | DX8: =volume!DX8 -> 0 | DY8: =volume!DY8 -> 0 | DZ8: =volume!DZ8 -> 0 | EA8: =volume!EA8 -> 0 | EB8: =volume!EB8 -> 0 | EC8: =volume!EC8 -> 0 | ED8: =SUM(DX8:EC8) -> 0 | EL8: =volume!EL8 -> 0 | EM8: =volume!EM8 -> 0 | EN8: =volume!EN8 -> 0 | EO8: =volume!EO8 -> 0 | EP8: =volume!EP8 -> 0 | EQ8: =volume!EQ8 -> 0 | ER8: =SUM(EL8:EQ8) -> 0 | ES8: =volume!ES8 -> 0 | ET8: =volume!ET8 -> 0 | EU8: =volume!EU8 -> 0 | EV8: =volume!EV8 -> 0 | EW8: =volume!EW8 -> 0 | EX8: =volume!EX8 -> 0 | EY8: =SUM(ES8:EX8) -> 0 | EZ8: =volume!EZ8 -> 0 | FA8: =volume!FA8 -> 0 | FB8: =volume!FB8 -> 0 | FC8: =volume!FC8 -> 0 | FD8: =volume!FD8 -> 0 | FE8: =volume!FE8 -> 0 | FF8: =SUM(EZ8:FE8) -> 0 | FN8: =volume!FN8 -> 0 | FO8: =volume!FO8 -> 0 | FP8: =volume!FP8 -> 0 | FQ8: =volume!FQ8 -> 0 | FR8: =volume!FR8 -> 0 | FS8: =volume!FS8 -> 0 | FT8: =SUM(FN8:FS8) -> 0 | FU8: =volume!FU8 -> 0 | FV8: =volume!FV8 -> 0 | FW8: =volume!FW8 -> 0 | FX8: =volume!FX8 -> 0 | FY8: =volume!FY8 -> 0 | FZ8: =volume!FZ8 -> 0 | GA8: =SUM(FU8:FZ8) -> 0 | GB8: =volume!GB8 -> 0 | GC8: =volume!GC8 -> 0 | GD8: =volume!GD8 -> 0 | GE8: =volume!GE8 -> 0 | GF8: =volume!GF8 -> 0 | GG8: =volume!GG8 -> 0 | GH8: =SUM(GB8:GG8) -> 0 | GP8: =volume!GP8 -> 0 | GQ8: =volume!GQ8 -> 0 | GR8: =volume!GR8 -> 0 | GS8: =volume!GS8 -> 0 | GT8: =volume!GT8 -> 0 | GU8: =volume!GU8 -> 0 | GV8: =SUM(GP8:GU8) -> 0 | GW8: =volume!GW8 -> 0 | GX8: =volume!GX8 -> 0 | GY8: =volume!GY8 -> 0 | GZ8: =volume!GZ8 -> 0 | HA8: =volume!HA8 -> 0 | HB8: =volume!HB8 -> 0 | HC8: =SUM(GW8:HB8) -> 0 | HD8: =volume!HD8 -> 0 | HE8: =volume!HE8 -> 0 | HF8: =volume!HF8 -> 0 | HG8: =volume!HG8 -> 0 | HH8: =volume!HH8 -> 0 | HI8: =volume!HI8 -> 0 | HJ8: =SUM(HD8:HI8) -> 0
A9: 8.30-8.45 | B9: =volume!B9 -> 41 | C9: =volume!C9 -> 4 | D9: =volume!D9 -> 0 | E9: =volume!E9 -> 0 | F9: =volume!F9 -> 1 | G9: =volume!G9 -> 0 | H9: =SUM($B9:$G9) -> 46 | I9: =volume!I9 -> 14 | J9: =volume!J9 -> 13 | K9: =volume!K9 -> 0 | L9: =volume!L9 -> 0 | M9: =volume!M9 -> 0 | N9: =volume!N9 -> 0 | O9: =SUM(I9:N9) -> 27 | P9: =volume!P9 -> 21 | Q9: =volume!Q9 -> 6 | R9: =volume!R9 -> 0 | S9: =volume!S9 -> 0 | T9: =volume!T9 -> 0 | U9: =volume!U9 -> 0 | V9: =SUM(P9:U9) -> 27 | W9: =volume!W9 -> 0 | X9: =volume!X9 -> 0 | Y9: =volume!Y9 -> 0 | Z9: =volume!Z9 -> 0 | AA9: =volume!AA9 -> 0 | AB9: =volume!AB9 -> 0 | AC9: =SUM(W9:AB9) -> 0 | AD9: =volume!AD9 -> 44 | AE9: =volume!AE9 -> 16 | AF9: =volume!AF9 -> 0 | AG9: =volume!AG9 -> 0 | AH9: =volume!AH9 -> 0 | AI9: =volume!AI9 -> 0 | AJ9: =SUM(AD9:AI9) -> 60 | AK9: =volume!AK9 -> 138 | AL9: =volume!AL9 -> 43 | AM9: =volume!AM9 -> 0 | AN9: =volume!AN9 -> 0 | AO9: =volume!AO9 -> 6 | AP9: =volume!AP9 -> 1 | AQ9: =SUM(AK9:AP9) -> 188 | AR9: =volume!AR9 -> 42 | AS9: =volume!AS9 -> 6 | AT9: =volume!AT9 -> 0 | AU9: =volume!AU9 -> 0 | AV9: =volume!AV9 -> 0 | AW9: =volume!AW9 -> 0 | AX9: =SUM(AR9:AW9) -> 48 | AY9: =volume!AY9 -> 53 | AZ9: =volume!AZ9 -> 19 | BA9: =volume!BA9 -> 0 | BB9: =volume!BB9 -> 0 | BC9: =volume!BC9 -> 3 | BD9: =volume!BD9 -> 0 | BE9: =SUM(AY9:BD9) -> 75 | BF9: =volume!BF9 -> 4 | BG9: =volume!BG9 -> 0 | BH9: =volume!BH9 -> 0 | BI9: =volume!BI9 -> 0 | BJ9: =volume!BJ9 -> 0 | BK9: =volume!BK9 -> 0 | BL9: =SUM(BF9:BK9) -> 4 | BM9: =volume!BM9 -> 50 | BN9: =volume!BN9 -> 11 | BO9: =volume!BO9 -> 1 | BP9: =volume!BP9 -> 0 | BQ9: =volume!BQ9 -> 1 | BR9: =volume!BR9 -> 0 | BS9: =SUM(BM9:BR9) -> 63 | BT9: =volume!BT9 -> 59 | BU9: =volume!BU9 -> 12 | BV9: =volume!BV9 -> 0 | BW9: =volume!BW9 -> 0 | BX9: =volume!BX9 -> 0 | BY9: =volume!BY9 -> 0 | BZ9: =SUM(BT9:BY9) -> 71 | CA9: =volume!CA9 -> 0 | CB9: =volume!CB9 -> 0 | CC9: =volume!CC9 -> 0 | CD9: =volume!CD9 -> 0 | CE9: =volume!CE9 -> 0 | CF9: =volume!CF9 -> 0 | CG9: =SUM(CA9:CF9) -> 0 | CH9: =volume!CH9 -> 64 | CI9: =volume!CI9 -> 12 | CJ9: =volume!CJ9 -> 0 | CK9: =volume!CK9 -> 0 | CL9: =volume!CL9 -> 0 | CM9: =volume!CM9 -> 0 | CN9: =SUM(CH9:CM9) -> 76 | CO9: =volume!CO9 -> 125 | CP9: =volume!CP9 -> 15 | CQ9: =volume!CQ9 -> 0 | CR9: =volume!CR9 -> 1 | CS9: =volume!CS9 -> 5 | CT9: =volume!CT9 -> 0 | CU9: =SUM(CO9:CT9) -> 146 | CV9: =volume!CV9 -> 0 | CW9: =volume!CW9 -> 0 | CX9: =volume!CX9 -> 0 | CY9: =volume!CY9 -> 0 | CZ9: =volume!CZ9 -> 0 | DA9: =volume!DA9 -> 0 | DB9: =SUM(CV9:DA9) -> 0 | DC9: =volume!DC9 -> 0 | DD9: =volume!DD9 -> 0 | DE9: =volume!DE9 -> 0 | DF9: =volume!DF9 -> 0 | DG9: =volume!DG9 -> 0 | DH9: =volume!DH9 -> 0 | DI9: =SUM(DC9:DH9) -> 0 | DJ9: =volume!DJ9 -> 0 | DK9: =volume!DK9 -> 0 | DL9: =volume!DL9 -> 0 | DM9: =volume!DM9 -> 0 | DN9: =volume!DN9 -> 0 | DO9: =volume!DO9 -> 0 | DP9: =SUM(DJ9:DO9) -> 0 | DQ9: =volume!DQ9 -> 0 | DR9: =volume!DR9 -> 0 | DS9: =volume!DS9 -> 0 | DT9: =volume!DT9 -> 0 | DU9: =volume!DU9 -> 0 | DV9: =volume!DV9 -> 0 | DW9: =SUM(DQ9:DV9) -> 0 | DX9: =volume!DX9 -> 0 | DY9: =volume!DY9 -> 0 | DZ9: =volume!DZ9 -> 0 | EA9: =volume!EA9 -> 0 | EB9: =volume!EB9 -> 0 | EC9: =volume!EC9 -> 0 | ED9: =SUM(DX9:EC9) -> 0 | EL9: =volume!EL9 -> 0 | EM9: =volume!EM9 -> 0 | EN9: =volume!EN9 -> 0 | EO9: =volume!EO9 -> 0 | EP9: =volume!EP9 -> 0 | EQ9: =volume!EQ9 -> 0 | ER9: =SUM(EL9:EQ9) -> 0 | ES9: =volume!ES9 -> 0 | ET9: =volume!ET9 -> 0 | EU9: =volume!EU9 -> 0 | EV9: =volume!EV9 -> 0 | EW9: =volume!EW9 -> 0 | EX9: =volume!EX9 -> 0 | EY9: =SUM(ES9:EX9) -> 0 | EZ9: =volume!EZ9 -> 0 | FA9: =volume!FA9 -> 0 | FB9: =volume!FB9 -> 0 | FC9: =volume!FC9 -> 0 | FD9: =volume!FD9 -> 0 | FE9: =volume!FE9 -> 0 | FF9: =SUM(EZ9:FE9) -> 0 | FN9: =volume!FN9 -> 0 | FO9: =volume!FO9 -> 0 | FP9: =volume!FP9 -> 0 | FQ9: =volume!FQ9 -> 0 | FR9: =volume!FR9 -> 0 | FS9: =volume!FS9 -> 0 | FT9: =SUM(FN9:FS9) -> 0 | FU9: =volume!FU9 -> 0 | FV9: =volume!FV9 -> 0 | FW9: =volume!FW9 -> 0 | FX9: =volume!FX9 -> 0 | FY9: =volume!FY9 -> 0 | FZ9: =volume!FZ9 -> 0 | GA9: =SUM(FU9:FZ9) -> 0 | GB9: =volume!GB9 -> 0 | GC9: =volume!GC9 -> 0 | GD9: =volume!GD9 -> 0 | GE9: =volume!GE9 -> 0 | GF9: =volume!GF9 -> 0 | GG9: =volume!GG9 -> 0 | GH9: =SUM(GB9:GG9) -> 0 | GP9: =volume!GP9 -> 0 | GQ9: =volume!GQ9 -> 0 | GR9: =volume!GR9 -> 0 | GS9: =volume!GS9 -> 0 | GT9: =volume!GT9 -> 0 | GU9: =volume!GU9 -> 0 | GV9: =SUM(GP9:GU9) -> 0 | GW9: =volume!GW9 -> 0 | GX9: =volume!GX9 -> 0 | GY9: =volume!GY9 -> 0 | GZ9: =volume!GZ9 -> 0 | HA9: =volume!HA9 -> 0 | HB9: =volume!HB9 -> 0 | HC9: =SUM(GW9:HB9) -> 0 | HD9: =volume!HD9 -> 0 | HE9: =volume!HE9 -> 0 | HF9: =volume!HF9 -> 0 | HG9: =volume!HG9 -> 0 | HH9: =volume!HH9 -> 0 | HI9: =volume!HI9 -> 0 | HJ9: =SUM(HD9:HI9) -> 0
A10: 8.45-9.00 | B10: =volume!B10 -> 45 | C10: =volume!C10 -> 4 | D10: =volume!D10 -> 0 | E10: =volume!E10 -> 0 | F10: =volume!F10 -> 0 | G10: =volume!G10 -> 0 | H10: =SUM($B10:$G10) -> 49 | I10: =volume!I10 -> 25 | J10: =volume!J10 -> 7 | K10: =volume!K10 -> 0 | L10: =volume!L10 -> 0 | M10: =volume!M10 -> 0 | N10: =volume!N10 -> 0 | O10: =SUM(I10:N10) -> 32 | P10: =volume!P10 -> 16 | Q10: =volume!Q10 -> 8 | R10: =volume!R10 -> 0 | S10: =volume!S10 -> 0 | T10: =volume!T10 -> 0 | U10: =volume!U10 -> 0 | V10: =SUM(P10:U10) -> 24 | W10: =volume!W10 -> 0 | X10: =volume!X10 -> 0 | Y10: =volume!Y10 -> 0 | Z10: =volume!Z10 -> 0 | AA10: =volume!AA10 -> 0 | AB10: =volume!AB10 -> 0 | AC10: =SUM(W10:AB10) -> 0 | AD10: =volume!AD10 -> 41 | AE10: =volume!AE10 -> 12 | AF10: =volume!AF10 -> 0 | AG10: =volume!AG10 -> 0 | AH10: =volume!AH10 -> 0 | AI10: =volume!AI10 -> 0 | AJ10: =SUM(AD10:AI10) -> 53 | AK10: =volume!AK10 -> 163 | AL10: =volume!AL10 -> 52 | AM10: =volume!AM10 -> 1 | AN10: =volume!AN10 -> 0 | AO10: =volume!AO10 -> 4 | AP10: =volume!AP10 -> 0 | AQ10: =SUM(AK10:AP10) -> 220 | AR10: =volume!AR10 -> 36 | AS10: =volume!AS10 -> 3 | AT10: =volume!AT10 -> 0 | AU10: =volume!AU10 -> 0 | AV10: =volume!AV10 -> 2 | AW10: =volume!AW10 -> 0 | AX10: =SUM(AR10:AW10) -> 41 | AY10: =volume!AY10 -> 51 | AZ10: =volume!AZ10 -> 11 | BA10: =volume!BA10 -> 0 | BB10: =volume!BB10 -> 0 | BC10: =volume!BC10 -> 1 | BD10: =volume!BD10 -> 0 | BE10: =SUM(AY10:BD10) -> 63 | BF10: =volume!BF10 -> 7 | BG10: =volume!BG10 -> 0 | BH10: =volume!BH10 -> 0 | BI10: =volume!BI10 -> 0 | BJ10: =volume!BJ10 -> 0 | BK10: =volume!BK10 -> 0 | BL10: =SUM(BF10:BK10) -> 7 | BM10: =volume!BM10 -> 48 | BN10: =volume!BN10 -> 16 | BO10: =volume!BO10 -> 0 | BP10: =volume!BP10 -> 0 | BQ10: =volume!BQ10 -> 1 | BR10: =volume!BR10 -> 0 | BS10: =SUM(BM10:BR10) -> 65 | BT10: =volume!BT10 -> 65 | BU10: =volume!BU10 -> 20 | BV10: =volume!BV10 -> 0 | BW10: =volume!BW10 -> 0 | BX10: =volume!BX10 -> 0 | BY10: =volume!BY10 -> 0 | BZ10: =SUM(BT10:BY10) -> 85 | CA10: =volume!CA10 -> 0 | CB10: =volume!CB10 -> 0 | CC10: =volume!CC10 -> 0 | CD10: =volume!CD10 -> 0 | CE10: =volume!CE10 -> 0 | CF10: =volume!CF10 -> 0 | CG10: =SUM(CA10:CF10) -> 0 | CH10: =volume!CH10 -> 52 | CI10: =volume!CI10 -> 5 | CJ10: =volume!CJ10 -> 0 | CK10: =volume!CK10 -> 0 | CL10: =volume!CL10 -> 2 | CM10: =volume!CM10 -> 0 | CN10: =SUM(CH10:CM10) -> 59 | CO10: =volume!CO10 -> 130 | CP10: =volume!CP10 -> 17 | CQ10: =volume!CQ10 -> 1 | CR10: =volume!CR10 -> 0 | CS10: =volume!CS10 -> 2 | CT10: =volume!CT10 -> 0 | CU10: =SUM(CO10:CT10) -> 150 | CV10: =volume!CV10 -> 0 | CW10: =volume!CW10 -> 0 | CX10: =volume!CX10 -> 0 | CY10: =volume!CY10 -> 0 | CZ10: =volume!CZ10 -> 0 | DA10: =volume!DA10 -> 0 | DB10: =SUM(CV10:DA10) -> 0 | DC10: =volume!DC10 -> 0 | DD10: =volume!DD10 -> 0 | DE10: =volume!DE10 -> 0 | DF10: =volume!DF10 -> 0 | DG10: =volume!DG10 -> 0 | DH10: =volume!DH10 -> 0 | DI10: =SUM(DC10:DH10) -> 0 | DJ10: =volume!DJ10 -> 0 | DK10: =volume!DK10 -> 0 | DL10: =volume!DL10 -> 0 | DM10: =volume!DM10 -> 0 | DN10: =volume!DN10 -> 0 | DO10: =volume!DO10 -> 0 | DP10: =SUM(DJ10:DO10) -> 0 | DQ10: =volume!DQ10 -> 0 | DR10: =volume!DR10 -> 0 | DS10: =volume!DS10 -> 0 | DT10: =volume!DT10 -> 0 | DU10: =volume!DU10 -> 0 | DV10: =volume!DV10 -> 0 | DW10: =SUM(DQ10:DV10) -> 0 | DX10: =volume!DX10 -> 0 | DY10: =volume!DY10 -> 0 | DZ10: =volume!DZ10 -> 0 | EA10: =volume!EA10 -> 0 | EB10: =volume!EB10 -> 0 | EC10: =volume!EC10 -> 0 | ED10: =SUM(DX10:EC10) -> 0 | EL10: =volume!EL10 -> 0 | EM10: =volume!EM10 -> 0 | EN10: =volume!EN10 -> 0 | EO10: =volume!EO10 -> 0 | EP10: =volume!EP10 -> 0 | EQ10: =volume!EQ10 -> 0 | ER10: =SUM(EL10:EQ10) -> 0 | ES10: =volume!ES10 -> 0 | ET10: =volume!ET10 -> 0 | EU10: =volume!EU10 -> 0 | EV10: =volume!EV10 -> 0 | EW10: =volume!EW10 -> 0 | EX10: =volume!EX10 -> 0 | EY10: =SUM(ES10:EX10) -> 0 | EZ10: =volume!EZ10 -> 0 | FA10: =volume!FA10 -> 0 | FB10: =volume!FB10 -> 0 | FC10: =volume!FC10 -> 0 | FD10: =volume!FD10 -> 0 | FE10: =volume!FE10 -> 0 | FF10: =SUM(EZ10:FE10) -> 0 | FN10: =volume!FN10 -> 0 | FO10: =volume!FO10 -> 0 | FP10: =volume!FP10 -> 0 | FQ10: =volume!FQ10 -> 0 | FR10: =volume!FR10 -> 0 | FS10: =volume!FS10 -> 0 | FT10: =SUM(FN10:FS10) -> 0 | FU10: =volume!FU10 -> 0 | FV10: =volume!FV10 -> 0 | FW10: =volume!FW10 -> 0 | FX10: =volume!FX10 -> 0 | FY10: =volume!FY10 -> 0 | FZ10: =volume!FZ10 -> 0 | GA10: =SUM(FU10:FZ10) -> 0 | GB10: =volume!GB10 -> 0 | GC10: =volume!GC10 -> 0 | GD10: =volume!GD10 -> 0 | GE10: =volume!GE10 -> 0 | GF10: =volume!GF10 -> 0 | GG10: =volume!GG10 -> 0 | GH10: =SUM(GB10:GG10) -> 0 | GP10: =volume!GP10 -> 0 | GQ10: =volume!GQ10 -> 0 | GR10: =volume!GR10 -> 0 | GS10: =volume!GS10 -> 0 | GT10: =volume!GT10 -> 0 | GU10: =volume!GU10 -> 0 | GV10: =SUM(GP10:GU10) -> 0 | GW10: =volume!GW10 -> 0 | GX10: =volume!GX10 -> 0 | GY10: =volume!GY10 -> 0 | GZ10: =volume!GZ10 -> 0 | HA10: =volume!HA10 -> 0 | HB10: =volume!HB10 -> 0 | HC10: =SUM(GW10:HB10) -> 0 | HD10: =volume!HD10 -> 0 | HE10: =volume!HE10 -> 0 | HF10: =volume!HF10 -> 0 | HG10: =volume!HG10 -> 0 | HH10: =volume!HH10 -> 0 | HI10: =volume!HI10 -> 0 | HJ10: =SUM(HD10:HI10) -> 0
A11: 9.00-9.15 | B11: =volume!B11 -> 38 | C11: =volume!C11 -> 6 | D11: =volume!D11 -> 0 | E11: =volume!E11 -> 0 | F11: =volume!F11 -> 2 | G11: =volume!G11 -> 0 | H11: =SUM($B11:$G11) -> 46 | I11: =volume!I11 -> 48 | J11: =volume!J11 -> 11 | K11: =volume!K11 -> 0 | L11: =volume!L11 -> 0 | M11: =volume!M11 -> 0 | N11: =volume!N11 -> 0 | O11: =SUM(I11:N11) -> 59 | P11: =volume!P11 -> 17 | Q11: =volume!Q11 -> 8 | R11: =volume!R11 -> 0 | S11: =volume!S11 -> 0 | T11: =volume!T11 -> 0 | U11: =volume!U11 -> 0 | V11: =SUM(P11:U11) -> 25 | W11: =volume!W11 -> 0 | X11: =volume!X11 -> 0 | Y11: =volume!Y11 -> 0 | Z11: =volume!Z11 -> 0 | AA11: =volume!AA11 -> 0 | AB11: =volume!AB11 -> 0 | AC11: =SUM(W11:AB11) -> 0 | AD11: =volume!AD11 -> 36 | AE11: =volume!AE11 -> 9 | AF11: =volume!AF11 -> 0 | AG11: =volume!AG11 -> 0 | AH11: =volume!AH11 -> 0 | AI11: =volume!AI11 -> 0 | AJ11: =SUM(AD11:AI11) -> 45 | AK11: =volume!AK11 -> 170 | AL11: =volume!AL11 -> 44 | AM11: =volume!AM11 -> 0 | AN11: =volume!AN11 -> 0 | AO11: =volume!AO11 -> 6 | AP11: =volume!AP11 -> 0 | AQ11: =SUM(AK11:AP11) -> 220 | AR11: =volume!AR11 -> 45 | AS11: =volume!AS11 -> 7 | AT11: =volume!AT11 -> 0 | AU11: =volume!AU11 -> 0 | AV11: =volume!AV11 -> 1 | AW11: =volume!AW11 -> 0 | AX11: =SUM(AR11:AW11) -> 53 | AY11: =volume!AY11 -> 47 | AZ11: =volume!AZ11 -> 14 | BA11: =volume!BA11 -> 0 | BB11: =volume!BB11 -> 0 | BC11: =volume!BC11 -> 2 | BD11: =volume!BD11 -> 0 | BE11: =SUM(AY11:BD11) -> 63 | BF11: =volume!BF11 -> 3 | BG11: =volume!BG11 -> 1 | BH11: =volume!BH11 -> 0 | BI11: =volume!BI11 -> 0 | BJ11: =volume!BJ11 -> 0 | BK11: =volume!BK11 -> 0 | BL11: =SUM(BF11:BK11) -> 4 | BM11: =volume!BM11 -> 58 | BN11: =volume!BN11 -> 11 | BO11: =volume!BO11 -> 0 | BP11: =volume!BP11 -> 0 | BQ11: =volume!BQ11 -> 1 | BR11: =volume!BR11 -> 0 | BS11: =SUM(BM11:BR11) -> 70 | BT11: =volume!BT11 -> 70 | BU11: =volume!BU11 -> 10 | BV11: =volume!BV11 -> 0 | BW11: =volume!BW11 -> 0 | BX11: =volume!BX11 -> 0 | BY11: =volume!BY11 -> 0 | BZ11: =SUM(BT11:BY11) -> 80 | CA11: =volume!CA11 -> 0 | CB11: =volume!CB11 -> 0 | CC11: =volume!CC11 -> 0 | CD11: =volume!CD11 -> 0 | CE11: =volume!CE11 -> 0 | CF11: =volume!CF11 -> 0 | CG11: =SUM(CA11:CF11) -> 0 | CH11: =volume!CH11 -> 59 | CI11: =volume!CI11 -> 9 | CJ11: =volume!CJ11 -> 0 | CK11: =volume!CK11 -> 0 | CL11: =volume!CL11 -> 1 | CM11: =volume!CM11 -> 0 | CN11: =SUM(CH11:CM11) -> 69 | CO11: =volume!CO11 -> 122 | CP11: =volume!CP11 -> 23 | CQ11: =volume!CQ11 -> 0 | CR11: =volume!CR11 -> 0 | CS11: =volume!CS11 -> 1 | CT11: =volume!CT11 -> 0 | CU11: =SUM(CO11:CT11) -> 146 | CV11: =volume!CV11 -> 0 | CW11: =volume!CW11 -> 0 | CX11: =volume!CX11 -> 0 | CY11: =volume!CY11 -> 0 | CZ11: =volume!CZ11 -> 0 | DA11: =volume!DA11 -> 0 | DB11: =SUM(CV11:DA11) -> 0 | DC11: =volume!DC11 -> 0 | DD11: =volume!DD11 -> 0 | DE11: =volume!DE11 -> 0 | DF11: =volume!DF11 -> 0 | DG11: =volume!DG11 -> 0 | DH11: =volume!DH11 -> 0 | DI11: =SUM(DC11:DH11) -> 0 | DJ11: =volume!DJ11 -> 0 | DK11: =volume!DK11 -> 0 | DL11: =volume!DL11 -> 0 | DM11: =volume!DM11 -> 0 | DN11: =volume!DN11 -> 0 | DO11: =volume!DO11 -> 0 | DP11: =SUM(DJ11:DO11) -> 0 | DQ11: =volume!DQ11 -> 0 | DR11: =volume!DR11 -> 0 | DS11: =volume!DS11 -> 0 | DT11: =volume!DT11 -> 0 | DU11: =volume!DU11 -> 0 | DV11: =volume!DV11 -> 0 | DW11: =SUM(DQ11:DV11) -> 0 | DX11: =volume!DX11 -> 0 | DY11: =volume!DY11 -> 0 | DZ11: =volume!DZ11 -> 0 | EA11: =volume!EA11 -> 0 | EB11: =volume!EB11 -> 0 | EC11: =volume!EC11 -> 0 | ED11: =SUM(DX11:EC11) -> 0 | EL11: =volume!EL11 -> 0 | EM11: =volume!EM11 -> 0 | EN11: =volume!EN11 -> 0 | EO11: =volume!EO11 -> 0 | EP11: =volume!EP11 -> 0 | EQ11: =volume!EQ11 -> 0 | ER11: =SUM(EL11:EQ11) -> 0 | ES11: =volume!ES11 -> 0 | ET11: =volume!ET11 -> 0 | EU11: =volume!EU11 -> 0 | EV11: =volume!EV11 -> 0 | EW11: =volume!EW11 -> 0 | EX11: =volume!EX11 -> 0 | EY11: =SUM(ES11:EX11) -> 0 | EZ11: =volume!EZ11 -> 0 | FA11: =volume!FA11 -> 0 | FB11: =volume!FB11 -> 0 | FC11: =volume!FC11 -> 0 | FD11: =volume!FD11 -> 0 | FE11: =volume!FE11 -> 0 | FF11: =SUM(EZ11:FE11) -> 0 | FN11: =volume!FN11 -> 0 | FO11: =volume!FO11 -> 0 | FP11: =volume!FP11 -> 0 | FQ11: =volume!FQ11 -> 0 | FR11: =volume!FR11 -> 0 | FS11: =volume!FS11 -> 0 | FT11: =SUM(FN11:FS11) -> 0 | FU11: =volume!FU11 -> 0 | FV11: =volume!FV11 -> 0 | FW11: =volume!FW11 -> 0 | FX11: =volume!FX11 -> 0 | FY11: =volume!FY11 -> 0 | FZ11: =volume!FZ11 -> 0 | GA11: =SUM(FU11:FZ11) -> 0 | GB11: =volume!GB11 -> 0 | GC11: =volume!GC11 -> 0 | GD11: =volume!GD11 -> 0 | GE11: =volume!GE11 -> 0 | GF11: =volume!GF11 -> 0 | GG11: =volume!GG11 -> 0 | GH11: =SUM(GB11:GG11) -> 0 | GP11: =volume!GP11 -> 0 | GQ11: =volume!GQ11 -> 0 | GR11: =volume!GR11 -> 0 | GS11: =volume!GS11 -> 0 | GT11: =volume!GT11 -> 0 | GU11: =volume!GU11 -> 0 | GV11: =SUM(GP11:GU11) -> 0 | GW11: =volume!GW11 -> 0 | GX11: =volume!GX11 -> 0 | GY11: =volume!GY11 -> 0 | GZ11: =volume!GZ11 -> 0 | HA11: =volume!HA11 -> 0 | HB11: =volume!HB11 -> 0 | HC11: =SUM(GW11:HB11) -> 0 | HD11: =volume!HD11 -> 0 | HE11: =volume!HE11 -> 0 | HF11: =volume!HF11 -> 0 | HG11: =volume!HG11 -> 0 | HH11: =volume!HH11 -> 0 | HI11: =volume!HI11 -> 0 | HJ11: =SUM(HD11:HI11) -> 0
A12: 9.15-9.30 | B12: =volume!B12 -> 42 | C12: =volume!C12 -> 5 | D12: =volume!D12 -> 0 | E12: =volume!E12 -> 0 | F12: =volume!F12 -> 0 | G12: =volume!G12 -> 1 | H12: =SUM($B12:$G12) -> 48 | I12: =volume!I12 -> 57 | J12: =volume!J12 -> 8 | K12: =volume!K12 -> 0 | L12: =volume!L12 -> 0 | M12: =volume!M12 -> 0 | N12: =volume!N12 -> 0 | O12: =SUM(I12:N12) -> 65 | P12: =volume!P12 -> 19 | Q12: =volume!Q12 -> 7 | R12: =volume!R12 -> 0 | S12: =volume!S12 -> 0 | T12: =volume!T12 -> 1 | U12: =volume!U12 -> 0 | V12: =SUM(P12:U12) -> 27 | W12: =volume!W12 -> 0 | X12: =volume!X12 -> 0 | Y12: =volume!Y12 -> 0 | Z12: =volume!Z12 -> 0 | AA12: =volume!AA12 -> 0 | AB12: =volume!AB12 -> 0 | AC12: =SUM(W12:AB12) -> 0 | AD12: =volume!AD12 -> 42 | AE12: =volume!AE12 -> 12 | AF12: =volume!AF12 -> 0 | AG12: =volume!AG12 -> 0 | AH12: =volume!AH12 -> 0 | AI12: =volume!AI12 -> 0 | AJ12: =SUM(AD12:AI12) -> 54 | AK12: =volume!AK12 -> 149 | AL12: =volume!AL12 -> 36 | AM12: =volume!AM12 -> 0 | AN12: =volume!AN12 -> 0 | AO12: =volume!AO12 -> 2 | AP12: =volume!AP12 -> 0 | AQ12: =SUM(AK12:AP12) -> 187 | AR12: =volume!AR12 -> 33 | AS12: =volume!AS12 -> 10 | AT12: =volume!AT12 -> 0 | AU12: =volume!AU12 -> 0 | AV12: =volume!AV12 -> 3 | AW12: =volume!AW12 -> 0 | AX12: =SUM(AR12:AW12) -> 46 | AY12: =volume!AY12 -> 52 | AZ12: =volume!AZ12 -> 17 | BA12: =volume!BA12 -> 1 | BB12: =volume!BB12 -> 0 | BC12: =volume!BC12 -> 0 | BD12: =volume!BD12 -> 1 | BE12: =SUM(AY12:BD12) -> 71 | BF12: =volume!BF12 -> 5 | BG12: =volume!BG12 -> 4 | BH12: =volume!BH12 -> 0 | BI12: =volume!BI12 -> 0 | BJ12: =volume!BJ12 -> 0 | BK12: =volume!BK12 -> 0 | BL12: =SUM(BF12:BK12) -> 9 | BM12: =volume!BM12 -> 45 | BN12: =volume!BN12 -> 16 | BO12: =volume!BO12 -> 0 | BP12: =volume!BP12 -> 0 | BQ12: =volume!BQ12 -> 0 | BR12: =volume!BR12 -> 0 | BS12: =SUM(BM12:BR12) -> 61 | BT12: =volume!BT12 -> 47 | BU12: =volume!BU12 -> 14 | BV12: =volume!BV12 -> 0 | BW12: =volume!BW12 -> 0 | BX12: =volume!BX12 -> 0 | BY12: =volume!BY12 -> 0 | BZ12: =SUM(BT12:BY12) -> 61 | CA12: =volume!CA12 -> 0 | CB12: =volume!CB12 -> 0 | CC12: =volume!CC12 -> 0 | CD12: =volume!CD12 -> 0 | CE12: =volume!CE12 -> 0 | CF12: =volume!CF12 -> 0 | CG12: =SUM(CA12:CF12) -> 0 | CH12: =volume!CH12 -> 46 | CI12: =volume!CI12 -> 11 | CJ12: =volume!CJ12 -> 0 | CK12: =volume!CK12 -> 0 | CL12: =volume!CL12 -> 0 | CM12: =volume!CM12 -> 0 | CN12: =SUM(CH12:CM12) -> 57 | CO12: =volume!CO12 -> 118 | CP12: =volume!CP12 -> 20 | CQ12: =volume!CQ12 -> 1 | CR12: =volume!CR12 -> 0 | CS12: =volume!CS12 -> 2 | CT12: =volume!CT12 -> 0 | CU12: =SUM(CO12:CT12) -> 141 | CV12: =volume!CV12 -> 0 | CW12: =volume!CW12 -> 0 | CX12: =volume!CX12 -> 0 | CY12: =volume!CY12 -> 0 | CZ12: =volume!CZ12 -> 0 | DA12: =volume!DA12 -> 0 | DB12: =SUM(CV12:DA12) -> 0 | DC12: =volume!DC12 -> 0 | DD12: =volume!DD12 -> 0 | DE12: =volume!DE12 -> 0 | DF12: =volume!DF12 -> 0 | DG12: =volume!DG12 -> 0 | DH12: =volume!DH12 -> 0 | DI12: =SUM(DC12:DH12) -> 0 | DJ12: =volume!DJ12 -> 0 | DK12: =volume!DK12 -> 0 | DL12: =volume!DL12 -> 0 | DM12: =volume!DM12 -> 0 | DN12: =volume!DN12 -> 0 | DO12: =volume!DO12 -> 0 | DP12: =SUM(DJ12:DO12) -> 0 | DQ12: =volume!DQ12 -> 0 | DR12: =volume!DR12 -> 0 | DS12: =volume!DS12 -> 0 | DT12: =volume!DT12 -> 0 | DU12: =volume!DU12 -> 0 | DV12: =volume!DV12 -> 0 | DW12: =SUM(DQ12:DV12) -> 0 | DX12: =volume!DX12 -> 0 | DY12: =volume!DY12 -> 0 | DZ12: =volume!DZ12 -> 0 | EA12: =volume!EA12 -> 0 | EB12: =volume!EB12 -> 0 | EC12: =volume!EC12 -> 0 | ED12: =SUM(DX12:EC12) -> 0 | EL12: =volume!EL12 -> 0 | EM12: =volume!EM12 -> 0 | EN12: =volume!EN12 -> 0 | EO12: =volume!EO12 -> 0 | EP12: =volume!EP12 -> 0 | EQ12: =volume!EQ12 -> 0 | ER12: =SUM(EL12:EQ12) -> 0 | ES12: =volume!ES12 -> 0 | ET12: =volume!ET12 -> 0 | EU12: =volume!EU12 -> 0 | EV12: =volume!EV12 -> 0 | EW12: =volume!EW12 -> 0 | EX12: =volume!EX12 -> 0 | EY12: =SUM(ES12:EX12) -> 0 | EZ12: =volume!EZ12 -> 0 | FA12: =volume!FA12 -> 0 | FB12: =volume!FB12 -> 0 | FC12: =volume!FC12 -> 0 | FD12: =volume!FD12 -> 0 | FE12: =volume!FE12 -> 0 | FF12: =SUM(EZ12:FE12) -> 0 | FN12: =volume!FN12 -> 0 | FO12: =volume!FO12 -> 0 | FP12: =volume!FP12 -> 0 | FQ12: =volume!FQ12 -> 0 | FR12: =volume!FR12 -> 0 | FS12: =volume!FS12 -> 0 | FT12: =SUM(FN12:FS12) -> 0 | FU12: =volume!FU12 -> 0 | FV12: =volume!FV12 -> 0 | FW12: =volume!FW12 -> 0 | FX12: =volume!FX12 -> 0 | FY12: =volume!FY12 -> 0 | FZ12: =volume!FZ12 -> 0 | GA12: =SUM(FU12:FZ12) -> 0 | GB12: =volume!GB12 -> 0 | GC12: =volume!GC12 -> 0 | GD12: =volume!GD12 -> 0 | GE12: =volume!GE12 -> 0 | GF12: =volume!GF12 -> 0 | GG12: =volume!GG12 -> 0 | GH12: =SUM(GB12:GG12) -> 0 | GP12: =volume!GP12 -> 0 | GQ12: =volume!GQ12 -> 0 | GR12: =volume!GR12 -> 0 | GS12: =volume!GS12 -> 0 | GT12: =volume!GT12 -> 0 | GU12: =volume!GU12 -> 0 | GV12: =SUM(GP12:GU12) -> 0 | GW12: =volume!GW12 -> 0 | GX12: =volume!GX12 -> 0 | GY12: =volume!GY12 -> 0 | GZ12: =volume!GZ12 -> 0 | HA12: =volume!HA12 -> 0 | HB12: =volume!HB12 -> 0 | HC12: =SUM(GW12:HB12) -> 0 | HD12: =volume!HD12 -> 0 | HE12: =volume!HE12 -> 0 | HF12: =volume!HF12 -> 0 | HG12: =volume!HG12 -> 0 | HH12: =volume!HH12 -> 0 | HI12: =volume!HI12 -> 0 | HJ12: =SUM(HD12:HI12) -> 0
A13: 9.30-9.45 | B13: =volume!B13 -> 37 | C13: =volume!C13 -> 9 | D13: =volume!D13 -> 0 | E13: =volume!E13 -> 0 | F13: =volume!F13 -> 0 | G13: =volume!G13 -> 0 | H13: =SUM($B13:$G13) -> 46 | I13: =volume!I13 -> 66 | J13: =volume!J13 -> 6 | K13: =volume!K13 -> 0 | L13: =volume!L13 -> 0 | M13: =volume!M13 -> 0 | N13: =volume!N13 -> 0 | O13: =SUM(I13:N13) -> 72 | P13: =volume!P13 -> 21 | Q13: =volume!Q13 -> 10 | R13: =volume!R13 -> 0 | S13: =volume!S13 -> 0 | T13: =volume!T13 -> 0 | U13: =volume!U13 -> 0 | V13: =SUM(P13:U13) -> 31 | W13: =volume!W13 -> 0 | X13: =volume!X13 -> 0 | Y13: =volume!Y13 -> 0 | Z13: =volume!Z13 -> 0 | AA13: =volume!AA13 -> 0 | AB13: =volume!AB13 -> 0 | AC13: =SUM(W13:AB13) -> 0 | AD13: =volume!AD13 -> 38 | AE13: =volume!AE13 -> 8 | AF13: =volume!AF13 -> 0 | AG13: =volume!AG13 -> 0 | AH13: =volume!AH13 -> 0 | AI13: =volume!AI13 -> 0 | AJ13: =SUM(AD13:AI13) -> 46 | AK13: =volume!AK13 -> 151 | AL13: =volume!AL13 -> 51 | AM13: =volume!AM13 -> 0 | AN13: =volume!AN13 -> 1 | AO13: =volume!AO13 -> 9 | AP13: =volume!AP13 -> 0 | AQ13: =SUM(AK13:AP13) -> 212 | AR13: =volume!AR13 -> 39 | AS13: =volume!AS13 -> 6 | AT13: =volume!AT13 -> 0 | AU13: =volume!AU13 -> 0 | AV13: =volume!AV13 -> 0 | AW13: =volume!AW13 -> 1 | AX13: =SUM(AR13:AW13) -> 46 | AY13: =volume!AY13 -> 55 | AZ13: =volume!AZ13 -> 23 | BA13: =volume!BA13 -> 0 | BB13: =volume!BB13 -> 0 | BC13: =volume!BC13 -> 1 | BD13: =volume!BD13 -> 0 | BE13: =SUM(AY13:BD13) -> 79 | BF13: =volume!BF13 -> 2 | BG13: =volume!BG13 -> 0 | BH13: =volume!BH13 -> 0 | BI13: =volume!BI13 -> 0 | BJ13: =volume!BJ13 -> 1 | BK13: =volume!BK13 -> 0 | BL13: =SUM(BF13:BK13) -> 3 | BM13: =volume!BM13 -> 65 | BN13: =volume!BN13 -> 18 | BO13: =volume!BO13 -> 0 | BP13: =volume!BP13 -> 0 | BQ13: =volume!BQ13 -> 0 | BR13: =volume!BR13 -> 0 | BS13: =SUM(BM13:BR13) -> 83 | BT13: =volume!BT13 -> 52 | BU13: =volume!BU13 -> 22 | BV13: =volume!BV13 -> 0 | BW13: =volume!BW13 -> 0 | BX13: =volume!BX13 -> 0 | BY13: =volume!BY13 -> 0 | BZ13: =SUM(BT13:BY13) -> 74 | CA13: =volume!CA13 -> 0 | CB13: =volume!CB13 -> 0 | CC13: =volume!CC13 -> 0 | CD13: =volume!CD13 -> 0 | CE13: =volume!CE13 -> 0 | CF13: =volume!CF13 -> 0 | CG13: =SUM(CA13:CF13) -> 0 | CH13: =volume!CH13 -> 50 | CI13: =volume!CI13 -> 8 | CJ13: =volume!CJ13 -> 0 | CK13: =volume!CK13 -> 0 | CL13: =volume!CL13 -> 0 | CM13: =volume!CM13 -> 0 | CN13: =SUM(CH13:CM13) -> 58 | CO13: =volume!CO13 -> 105 | CP13: =volume!CP13 -> 28 | CQ13: =volume!CQ13 -> 0 | CR13: =volume!CR13 -> 1 | CS13: =volume!CS13 -> 2 | CT13: =volume!CT13 -> 0 | CU13: =SUM(CO13:CT13) -> 136 | CV13: =volume!CV13 -> 0 | CW13: =volume!CW13 -> 0 | CX13: =volume!CX13 -> 0 | CY13: =volume!CY13 -> 0 | CZ13: =volume!CZ13 -> 0 | DA13: =volume!DA13 -> 0 | DB13: =SUM(CV13:DA13) -> 0 | DC13: =volume!DC13 -> 0 | DD13: =volume!DD13 -> 0 | DE13: =volume!DE13 -> 0 | DF13: =volume!DF13 -> 0 | DG13: =volume!DG13 -> 0 | DH13: =volume!DH13 -> 0 | DI13: =SUM(DC13:DH13) -> 0 | DJ13: =volume!DJ13 -> 0 | DK13: =volume!DK13 -> 0 | DL13: =volume!DL13 -> 0 | DM13: =volume!DM13 -> 0 | DN13: =volume!DN13 -> 0 | DO13: =volume!DO13 -> 0 | DP13: =SUM(DJ13:DO13) -> 0 | DQ13: =volume!DQ13 -> 0 | DR13: =volume!DR13 -> 0 | DS13: =volume!DS13 -> 0 | DT13: =volume!DT13 -> 0 | DU13: =volume!DU13 -> 0 | DV13: =volume!DV13 -> 0 | DW13: =SUM(DQ13:DV13) -> 0 | DX13: =volume!DX13 -> 0 | DY13: =volume!DY13 -> 0 | DZ13: =volume!DZ13 -> 0 | EA13: =volume!EA13 -> 0 | EB13: =volume!EB13 -> 0 | EC13: =volume!EC13 -> 0 | ED13: =SUM(DX13:EC13) -> 0 | EL13: =volume!EL13 -> 0 | EM13: =volume!EM13 -> 0 | EN13: =volume!EN13 -> 0 | EO13: =volume!EO13 -> 0 | EP13: =volume!EP13 -> 0 | EQ13: =volume!EQ13 -> 0 | ER13: =SUM(EL13:EQ13) -> 0 | ES13: =volume!ES13 -> 0 | ET13: =volume!ET13 -> 0 | EU13: =volume!EU13 -> 0 | EV13: =volume!EV13 -> 0 | EW13: =volume!EW13 -> 0 | EX13: =volume!EX13 -> 0 | EY13: =SUM(ES13:EX13) -> 0 | EZ13: =volume!EZ13 -> 0 | FA13: =volume!FA13 -> 0 | FB13: =volume!FB13 -> 0 | FC13: =volume!FC13 -> 0 | FD13: =volume!FD13 -> 0 | FE13: =volume!FE13 -> 0 | FF13: =SUM(EZ13:FE13) -> 0 | FN13: =volume!FN13 -> 0 | FO13: =volume!FO13 -> 0 | FP13: =volume!FP13 -> 0 | FQ13: =volume!FQ13 -> 0 | FR13: =volume!FR13 -> 0 | FS13: =volume!FS13 -> 0 | FT13: =SUM(FN13:FS13) -> 0 | FU13: =volume!FU13 -> 0 | FV13: =volume!FV13 -> 0 | FW13: =volume!FW13 -> 0 | FX13: =volume!FX13 -> 0 | FY13: =volume!FY13 -> 0 | FZ13: =volume!FZ13 -> 0 | GA13: =SUM(FU13:FZ13) -> 0 | GB13: =volume!GB13 -> 0 | GC13: =volume!GC13 -> 0 | GD13: =volume!GD13 -> 0 | GE13: =volume!GE13 -> 0 | GF13: =volume!GF13 -> 0 | GG13: =volume!GG13 -> 0 | GH13: =SUM(GB13:GG13) -> 0 | GP13: =volume!GP13 -> 0 | GQ13: =volume!GQ13 -> 0 | GR13: =volume!GR13 -> 0 | GS13: =volume!GS13 -> 0 | GT13: =volume!GT13 -> 0 | GU13: =volume!GU13 -> 0 | GV13: =SUM(GP13:GU13) -> 0 | GW13: =volume!GW13 -> 0 | GX13: =volume!GX13 -> 0 | GY13: =volume!GY13 -> 0 | GZ13: =volume!GZ13 -> 0 | HA13: =volume!HA13 -> 0 | HB13: =volume!HB13 -> 0 | HC13: =SUM(GW13:HB13) -> 0 | HD13: =volume!HD13 -> 0 | HE13: =volume!HE13 -> 0 | HF13: =volume!HF13 -> 0 | HG13: =volume!HG13 -> 0 | HH13: =volume!HH13 -> 0 | HI13: =volume!HI13 -> 0 | HJ13: =SUM(HD13:HI13) -> 0
A14: 9.45-10.00 | B14: =volume!B14 -> 31 | C14: =volume!C14 -> 10 | D14: =volume!D14 -> 0 | E14: =volume!E14 -> 0 | F14: =volume!F14 -> 1 | G14: =volume!G14 -> 0 | H14: =SUM($B14:$G14) -> 42 | I14: =volume!I14 -> 41 | J14: =volume!J14 -> 13 | K14: =volume!K14 -> 0 | L14: =volume!L14 -> 0 | M14: =volume!M14 -> 0 | N14: =volume!N14 -> 0 | O14: =SUM(I14:N14) -> 54 | P14: =volume!P14 -> 18 | Q14: =volume!Q14 -> 6 | R14: =volume!R14 -> 0 | S14: =volume!S14 -> 0 | T14: =volume!T14 -> 0 | U14: =volume!U14 -> 0 | V14: =SUM(P14:U14) -> 24 | W14: =volume!W14 -> 0 | X14: =volume!X14 -> 0 | Y14: =volume!Y14 -> 0 | Z14: =volume!Z14 -> 0 | AA14: =volume!AA14 -> 0 | AB14: =volume!AB14 -> 0 | AC14: =SUM(W14:AB14) -> 0 | AD14: =volume!AD14 -> 41 | AE14: =volume!AE14 -> 16 | AF14: =volume!AF14 -> 0 | AG14: =volume!AG14 -> 0 | AH14: =volume!AH14 -> 0 | AI14: =volume!AI14 -> 0 | AJ14: =SUM(AD14:AI14) -> 57 | AK14: =volume!AK14 -> 135 | AL14: =volume!AL14 -> 48 | AM14: =volume!AM14 -> 1 | AN14: =volume!AN14 -> 0 | AO14: =volume!AO14 -> 6 | AP14: =volume!AP14 -> 0 | AQ14: =SUM(AK14:AP14) -> 190 | AR14: =volume!AR14 -> 30 | AS14: =volume!AS14 -> 9 | AT14: =volume!AT14 -> 0 | AU14: =volume!AU14 -> 0 | AV14: =volume!AV14 -> 1 | AW14: =volume!AW14 -> 0 | AX14: =SUM(AR14:AW14) -> 40 | AY14: =volume!AY14 -> 44 | AZ14: =volume!AZ14 -> 15 | BA14: =volume!BA14 -> 0 | BB14: =volume!BB14 -> 0 | BC14: =volume!BC14 -> 1 | BD14: =volume!BD14 -> 0 | BE14: =SUM(AY14:BD14) -> 60 | BF14: =volume!BF14 -> 6 | BG14: =volume!BG14 -> 2 | BH14: =volume!BH14 -> 0 | BI14: =volume!BI14 -> 0 | BJ14: =volume!BJ14 -> 0 | BK14: =volume!BK14 -> 0 | BL14: =SUM(BF14:BK14) -> 8 | BM14: =volume!BM14 -> 58 | BN14: =volume!BN14 -> 12 | BO14: =volume!BO14 -> 0 | BP14: =volume!BP14 -> 0 | BQ14: =volume!BQ14 -> 1 | BR14: =volume!BR14 -> 0 | BS14: =SUM(BM14:BR14) -> 71 | BT14: =volume!BT14 -> 36 | BU14: =volume!BU14 -> 10 | BV14: =volume!BV14 -> 0 | BW14: =volume!BW14 -> 0 | BX14: =volume!BX14 -> 0 | BY14: =volume!BY14 -> 0 | BZ14: =SUM(BT14:BY14) -> 46 | CA14: =volume!CA14 -> 0 | CB14: =volume!CB14 -> 0 | CC14: =volume!CC14 -> 0 | CD14: =volume!CD14 -> 0 | CE14: =volume!CE14 -> 0 | CF14: =volume!CF14 -> 0 | CG14: =SUM(CA14:CF14) -> 0 | CH14: =volume!CH14 -> 42 | CI14: =volume!CI14 -> 5 | CJ14: =volume!CJ14 -> 0 | CK14: =volume!CK14 -> 0 | CL14: =volume!CL14 -> 1 | CM14: =volume!CM14 -> 0 | CN14: =SUM(CH14:CM14) -> 48 | CO14: =volume!CO14 -> 110 | CP14: =volume!CP14 -> 22 | CQ14: =volume!CQ14 -> 2 | CR14: =volume!CR14 -> 0 | CS14: =volume!CS14 -> 1 | CT14: =volume!CT14 -> 0 | CU14: =SUM(CO14:CT14) -> 135 | CV14: =volume!CV14 -> 0 | CW14: =volume!CW14 -> 0 | CX14: =volume!CX14 -> 0 | CY14: =volume!CY14 -> 0 | CZ14: =volume!CZ14 -> 0 | DA14: =volume!DA14 -> 0 | DB14: =SUM(CV14:DA14) -> 0 | DC14: =volume!DC14 -> 0 | DD14: =volume!DD14 -> 0 | DE14: =volume!DE14 -> 0 | DF14: =volume!DF14 -> 0 | DG14: =volume!DG14 -> 0 | DH14: =volume!DH14 -> 0 | DI14: =SUM(DC14:DH14) -> 0 | DJ14: =volume!DJ14 -> 0 | DK14: =volume!DK14 -> 0 | DL14: =volume!DL14 -> 0 | DM14: =volume!DM14 -> 0 | DN14: =volume!DN14 -> 0 | DO14: =volume!DO14 -> 0 | DP14: =SUM(DJ14:DO14) -> 0 | DQ14: =volume!DQ14 -> 0 | DR14: =volume!DR14 -> 0 | DS14: =volume!DS14 -> 0 | DT14: =volume!DT14 -> 0 | DU14: =volume!DU14 -> 0 | DV14: =volume!DV14 -> 0 | DW14: =SUM(DQ14:DV14) -> 0 | DX14: =volume!DX14 -> 0 | DY14: =volume!DY14 -> 0 | DZ14: =volume!DZ14 -> 0 | EA14: =volume!EA14 -> 0 | EB14: =volume!EB14 -> 0 | EC14: =volume!EC14 -> 0 | ED14: =SUM(DX14:EC14) -> 0 | EL14: =volume!EL14 -> 0 | EM14: =volume!EM14 -> 0 | EN14: =volume!EN14 -> 0 | EO14: =volume!EO14 -> 0 | EP14: =volume!EP14 -> 0 | EQ14: =volume!EQ14 -> 0 | ER14: =SUM(EL14:EQ14) -> 0 | ES14: =volume!ES14 -> 0 | ET14: =volume!ET14 -> 0 | EU14: =volume!EU14 -> 0 | EV14: =volume!EV14 -> 0 | EW14: =volume!EW14 -> 0 | EX14: =volume!EX14 -> 0 | EY14: =SUM(ES14:EX14) -> 0 | EZ14: =volume!EZ14 -> 0 | FA14: =volume!FA14 -> 0 | FB14: =volume!FB14 -> 0 | FC14: =volume!FC14 -> 0 | FD14: =volume!FD14 -> 0 | FE14: =volume!FE14 -> 0 | FF14: =SUM(EZ14:FE14) -> 0 | FN14: =volume!FN14 -> 0 | FO14: =volume!FO14 -> 0 | FP14: =volume!FP14 -> 0 | FQ14: =volume!FQ14 -> 0 | FR14: =volume!FR14 -> 0 | FS14: =volume!FS14 -> 0 | FT14: =SUM(FN14:FS14) -> 0 | FU14: =volume!FU14 -> 0 | FV14: =volume!FV14 -> 0 | FW14: =volume!FW14 -> 0 | FX14: =volume!FX14 -> 0 | FY14: =volume!FY14 -> 0 | FZ14: =volume!FZ14 -> 0 | GA14: =SUM(FU14:FZ14) -> 0 | GB14: =volume!GB14 -> 0 | GC14: =volume!GC14 -> 0 | GD14: =volume!GD14 -> 0 | GE14: =volume!GE14 -> 0 | GF14: =volume!GF14 -> 0 | GG14: =volume!GG14 -> 0 | GH14: =SUM(GB14:GG14) -> 0 | GP14: =volume!GP14 -> 0 | GQ14: =volume!GQ14 -> 0 | GR14: =volume!GR14 -> 0 | GS14: =volume!GS14 -> 0 | GT14: =volume!GT14 -> 0 | GU14: =volume!GU14 -> 0 | GV14: =SUM(GP14:GU14) -> 0 | GW14: =volume!GW14 -> 0 | GX14: =volume!GX14 -> 0 | GY14: =volume!GY14 -> 0 | GZ14: =volume!GZ14 -> 0 | HA14: =volume!HA14 -> 0 | HB14: =volume!HB14 -> 0 | HC14: =SUM(GW14:HB14) -> 0 | HD14: =volume!HD14 -> 0 | HE14: =volume!HE14 -> 0 | HF14: =volume!HF14 -> 0 | HG14: =volume!HG14 -> 0 | HH14: =volume!HH14 -> 0 | HI14: =volume!HI14 -> 0 | HJ14: =SUM(HD14:HI14) -> 0
... A50: 18.45-19.00 | B50: =volume!B50 -> 35 | C50: =volume!C50 -> 4 | D50: =volume!D50 -> 0 | E50: =volume!E50 -> 0 | F50: =volume!F50 -> 1 | G50: =volume!G50 -> 0 | H50: =SUM($B50:$G50) -> 40 | I50: =volume!I50 -> 22 | J50: =volume!J50 -> 12 | K50: =volume!K50 -> 0 | L50: =volume!L50 -> 0 | M50: =volume!M50 -> 0 | N50: =volume!N50 -> 0 | O50: =SUM(I50:N50) -> 34 | P50: =volume!P50 -> 13 | Q50: =volume!Q50 -> 6 | R50: =volume!R50 -> 0 | S50: =volume!S50 -> 0 | T50: =volume!T50 -> 0 | U50: =volume!U50 -> 0 | V50: =SUM(P50:U50) -> 19 | W50: =volume!W50 -> 0 | X50: =volume!X50 -> 0 | Y50: =volume!Y50 -> 0 | Z50: =volume!Z50 -> 0 | AA50: =volume!AA50 -> 0 | AB50: =volume!AB50 -> 0 | AC50: =SUM(W50:AB50) -> 0 | AD50: =volume!AD50 -> 43 | AE50: =volume!AE50 -> 18 | AF50: =volume!AF50 -> 0 | AG50: =volume!AG50 -> 0 | AH50: =volume!AH50 -> 0 | AI50: =volume!AI50 -> 0 | AJ50: =SUM(AD50:AI50) -> 61 | AK50: =volume!AK50 -> 135 | AL50: =volume!AL50 -> 30 | AM50: =volume!AM50 -> 0 | AN50: =volume!AN50 -> 0 | AO50: =volume!AO50 -> 1 | AP50: =volume!AP50 -> 0 | AQ50: =SUM(AK50:AP50) -> 166 | AR50: =volume!AR50 -> 42 | AS50: =volume!AS50 -> 5 | AT50: =volume!AT50 -> 0 | AU50: =volume!AU50 -> 0 | AV50: =volume!AV50 -> 0 | AW50: =volume!AW50 -> 0 | AX50: =SUM(AR50:AW50) -> 47 | AY50: =volume!AY50 -> 37 | AZ50: =volume!AZ50 -> 21 | BA50: =volume!BA50 -> 0 | BB50: =volume!BB50 -> 0 | BC50: =volume!BC50 -> 0 | BD50: =volume!BD50 -> 0 | BE50: =SUM(AY50:BD50) -> 58 | BF50: =volume!BF50 -> 3 | BG50: =volume!BG50 -> 0 | BH50: =volume!BH50 -> 0 | BI50: =volume!BI50 -> 0 | BJ50: =volume!BJ50 -> 0 | BK50: =volume!BK50 -> 0 | BL50: =SUM(BF50:BK50) -> 3 | BM50: =volume!BM50 -> 31 | BN50: =volume!BN50 -> 13 | BO50: =volume!BO50 -> 0 | BP50: =volume!BP50 -> 0 | BQ50: =volume!BQ50 -> 0 | BR50: =volume!BR50 -> 0 | BS50: =SUM(BM50:BR50) -> 44 | BT50: =volume!BT50 -> 51 | BU50: =volume!BU50 -> 10 | BV50: =volume!BV50 -> 0 | BW50: =volume!BW50 -> 0 | BX50: =volume!BX50 -> 0 | BY50: =volume!BY50 -> 0 | BZ50: =SUM(BT50:BY50) -> 61 | CA50: =volume!CA50 -> 0 | CB50: =volume!CB50 -> 0 | CC50: =volume!CC50 -> 0 | CD50: =volume!CD50 -> 0 | CE50: =volume!CE50 -> 0 | CF50: =volume!CF50 -> 0 | CG50: =SUM(CA50:CF50) -> 0 | CH50: =volume!CH50 -> 62 | CI50: =volume!CI50 -> 5 | CJ50: =volume!CJ50 -> 0 | CK50: =volume!CK50 -> 0 | CL50: =volume!CL50 -> 1 | CM50: =volume!CM50 -> 1 | CN50: =SUM(CH50:CM50) -> 69 | CO50: =volume!CO50 -> 156 | CP50: =volume!CP50 -> 38 | CQ50: =volume!CQ50 -> 0 | CR50: =volume!CR50 -> 1 | CS50: =volume!CS50 -> 0 | CT50: =volume!CT50 -> 0 | CU50: =SUM(CO50:CT50) -> 195 | CV50: =volume!CV50 -> 0 | CW50: =volume!CW50 -> 0 | CX50: =volume!CX50 -> 0 | CY50: =volume!CY50 -> 0 | CZ50: =volume!CZ50 -> 0 | DA50: =volume!DA50 -> 0 | DB50: =SUM(CV50:DA50) -> 0 | DC50: =volume!DC50 -> 0 | DD50: =volume!DD50 -> 0 | DE50: =volume!DE50 -> 0 | DF50: =volume!DF50 -> 0 | DG50: =volume!DG50 -> 0 | DH50: =volume!DH50 -> 0 | DI50: =SUM(DC50:DH50) -> 0 | DJ50: =volume!DJ50 -> 0 | DK50: =volume!DK50 -> 0 | DL50: =volume!DL50 -> 0 | DM50: =volume!DM50 -> 0 | DN50: =volume!DN50 -> 0 | DO50: =volume!DO50 -> 0 | DP50: =SUM(DJ50:DO50) -> 0 | DQ50: =volume!DQ50 -> 0 | DR50: =volume!DR50 -> 0 | DS50: =volume!DS50 -> 0 | DT50: =volume!DT50 -> 0 | DU50: =volume!DU50 -> 0 | DV50: =volume!DV50 -> 0 | DW50: =SUM(DQ50:DV50) -> 0 | DX50: =volume!DX50 -> 0 | DY50: =volume!DY50 -> 0 | DZ50: =volume!DZ50 -> 0 | EA50: =volume!EA50 -> 0 | EB50: =volume!EB50 -> 0 | EC50: =volume!EC50 -> 0 | ED50: =SUM(DX50:EC50) -> 0 | EL50: =volume!EL50 -> 0 | EM50: =volume!EM50 -> 0 | EN50: =volume!EN50 -> 0 | EO50: =volume!EO50 -> 0 | EP50: =volume!EP50 -> 0 | EQ50: =volume!EQ50 -> 0 | ER50: =SUM(EL50:EQ50) -> 0 | ES50: =volume!ES50 -> 0 | ET50: =volume!ET50 -> 0 | EU50: =volume!EU50 -> 0 | EV50: =volume!EV50 -> 0 | EW50: =volume!EW50 -> 0 | EX50: =volume!EX50 -> 0 | EY50: =SUM(ES50:EX50) -> 0 | EZ50: =volume!EZ50 -> 0 | FA50: =volume!FA50 -> 0 | FB50: =volume!FB50 -> 0 | FC50: =volume!FC50 -> 0 | FD50: =volume!FD50 -> 0 | FE50: =volume!FE50 -> 0 | FF50: =SUM(EZ50:FE50) -> 0 | FN50: =volume!FN50 -> 0 | FO50: =volume!FO50 -> 0 | FP50: =volume!FP50 -> 0 | FQ50: =volume!FQ50 -> 0 | FR50: =volume!FR50 -> 0 | FS50: =volume!FS50 -> 0 | FT50: =SUM(FN50:FS50) -> 0 | FU50: =volume!FU50 -> 0 | FV50: =volume!FV50 -> 0 | FW50: =volume!FW50 -> 0 | FX50: =volume!FX50 -> 0 | FY50: =volume!FY50 -> 0 | FZ50: =volume!FZ50 -> 0 | GA50: =SUM(FU50:FZ50) -> 0 | GB50: =volume!GB50 -> 0 | GC50: =volume!GC50 -> 0 | GD50: =volume!GD50 -> 0 | GE50: =volume!GE50 -> 0 | GF50: =volume!GF50 -> 0 | GG50: =volume!GG50 -> 0 | GH50: =SUM(GB50:GG50) -> 0 | GP50: =volume!GP50 -> 0 | GQ50: =volume!GQ50 -> 0 | GR50: =volume!GR50 -> 0 | GS50: =volume!GS50 -> 0 | GT50: =volume!GT50 -> 0 | GU50: =volume!GU50 -> 0 | GV50: =SUM(GP50:GU50) -> 0 | GW50: =volume!GW50 -> 0 | GX50: =volume!GX50 -> 0 | GY50: =volume!GY50 -> 0 | GZ50: =volume!GZ50 -> 0 | HA50: =volume!HA50 -> 0 | HB50: =volume!HB50 -> 0 | HC50: =SUM(GW50:HB50) -> 0 | HD50: =volume!HD50 -> 0 | HE50: =volume!HE50 -> 0 | HF50: =volume!HF50 -> 0 | HG50: =volume!HG50 -> 0 | HH50: =volume!HH50 -> 0 | HI50: =volume!HI50 -> 0 | HJ50: =SUM(HD50:HI50) -> 0
E52: NB1 | L52: NB2 | S52: NB3 | Z52: NB4 | AG52: EB5 | AN52: EB6 | AU52: EB7 | BB52: EB8 | BI52: SB9 | BP52: SB10 | BW52: SB11 | CD52: SB12 | CK52: WB13 | CR52: WB14 | CY52: WB15 | DF52: WB16 | DM52: NB*1 | DT52: NB2* | EA52: NB*3 | EO52: EB*5 | EV52: EB6* | FC52: EB*7 | FQ52: SB*9 | FX52: SB10* | GE52: SB*11 | GS52: WB*13 | GZ52: WB14* | HG52: WB*15
A53: 45115 | B53: =SUM(B3:B6) -> 179 | C53: =SUM(C3:C6) -> 25 | D53: =SUM(D3:D6) -> 0 | E53: =SUM(E3:E6) -> 0 | F53: =SUM(F3:F6) -> 3 | G53: =SUM(G3:G6) -> 1 | H53: =SUM(H3:H6) -> 208 | I53: =SUM(I3:I6) -> 88 | ... ED53: =SUM(ED3:ED6) -> 0 | EL53: =SUM(EL3:EL6) -> 0 | EM53: =SUM(EM3:EM6) -> 0 | EN53: =SUM(EN3:EN6) -> 0 | EO53: =SUM(EO3:EO6) -> 0 | EP53: =SUM(EP3:EP6) -> 0 | EQ53: =SUM(EQ3:EQ6) -> 0 | ER53: =SUM(ER3:ER6) -> 0 | ES53: =SUM(ES3:ES6) -> 0 | ... FF53: =SUM(FF3:FF6) -> 0 | FN53: =SUM(FN3:FN6) -> 0 | FO53: =SUM(FO3:FO6) -> 0 | FP53: =SUM(FP3:FP6) -> 0 | FQ53: =SUM(FQ3:FQ6) -> 0 | FR53: =SUM(FR3:FR6) -> 0 | FS53: =SUM(FS3:FS6) -> 0 | FT53: =SUM(FT3:FT6) -> 0 | FU53: =SUM(FU3:FU6) -> 0 | ... GH53: =SUM(GH3:GH6) -> 0 | GP53: =SUM(GP3:GP6) -> 0 | GQ53: =SUM(GQ3:GQ6) -> 0 | GR53: =SUM(GR3:GR6) -> 0 | GS53: =SUM(GS3:GS6) -> 0 | GT53: =SUM(GT3:GT6) -> 0 | GU53: =SUM(GU3:GU6) -> 0 | GV53: =SUM(GV3:GV6) -> 0 | GW53: =SUM(GW3:GW6) -> 0 | ... HJ53: =SUM(HJ3:HJ6) -> 0
A54: 45147 | B54: =SUM(B7:B10) -> 185 | C54: =SUM(C7:C10) -> 21 | D54: =SUM(D7:D10) -> 1 | E54: =SUM(E7:E10) -> 0 | F54: =SUM(F7:F10) -> 2 | G54: =SUM(G7:G10) -> 2 | H54: =SUM(H7:H10) -> 211 | I54: =SUM(I7:I10) -> 81 | ... ED54: =SUM(ED7:ED10) -> 0 | EL54: =SUM(EL7:EL10) -> 0 | EM54: =SUM(EM7:EM10) -> 0 | EN54: =SUM(EN7:EN10) -> 0 | EO54: =SUM(EO7:EO10) -> 0 | EP54: =SUM(EP7:EP10) -> 0 | EQ54: =SUM(EQ7:EQ10) -> 0 | ER54: =SUM(ER7:ER10) -> 0 | ES54: =SUM(ES7:ES10) -> 0 | ... FF54: =SUM(FF7:FF10) -> 0 | FN54: =SUM(FN7:FN10) -> 0 | FO54: =SUM(FO7:FO10) -> 0 | FP54: =SUM(FP7:FP10) -> 0 | FQ54: =SUM(FQ7:FQ10) -> 0 | FR54: =SUM(FR7:FR10) -> 0 | FS54: =SUM(FS7:FS10) -> 0 | FT54: =SUM(FT7:FT10) -> 0 | FU54: =SUM(FU7:FU10) -> 0 | ... GH54: =SUM(GH7:GH10) -> 0 | GP54: =SUM(GP7:GP10) -> 0 | GQ54: =SUM(GQ7:GQ10) -> 0 | GR54: =SUM(GR7:GR10) -> 0 | GS54: =SUM(GS7:GS10) -> 0 | GT54: =SUM(GT7:GT10) -> 0 | GU54: =SUM(GU7:GU10) -> 0 | GV54: =SUM(GV7:GV10) -> 0 | GW54: =SUM(GW7:GW10) -> 0 | ... HJ54: =SUM(HJ7:HJ10) -> 0
A55: 45179 | B55: =SUM(B11:B14) -> 148 | C55: =SUM(C11:C14) -> 30 | D55: =SUM(D11:D14) -> 0 | E55: =SUM(E11:E14) -> 0 | F55: =SUM(F11:F14) -> 3 | G55: =SUM(G11:G14) -> 1 | H55: =SUM(H11:H14) -> 182 | I55: =SUM(I11:I14) -> 212 | ... ED55: =SUM(ED11:ED14) -> 0 | EL55: =SUM(EL11:EL14) -> 0 | EM55: =SUM(EM11:EM14) -> 0 | EN55: =SUM(EN11:EN14) -> 0 | EO55: =SUM(EO11:EO14) -> 0 | EP55: =SUM(EP11:EP14) -> 0 | EQ55: =SUM(EQ11:EQ14) -> 0 | ER55: =SUM(ER11:ER14) -> 0 | ES55: =SUM(ES11:ES14) -> 0 | ... FF55: =SUM(FF11:FF14) -> 0 | FN55: =SUM(FN11:FN14) -> 0 | FO55: =SUM(FO11:FO14) -> 0 | FP55: =SUM(FP11:FP14) -> 0 | FQ55: =SUM(FQ11:FQ14) -> 0 | FR55: =SUM(FR11:FR14) -> 0 | FS55: =SUM(FS11:FS14) -> 0 | FT55: =SUM(FT11:FT14) -> 0 | FU55: =SUM(FU11:FU14) -> 0 | ... GH55: =SUM(GH11:GH14) -> 0 | GP55: =SUM(GP11:GP14) -> 0 | GQ55: =SUM(GQ11:GQ14) -> 0 | GR55: =SUM(GR11:GR14) -> 0 | GS55: =SUM(GS11:GS14) -> 0 | GT55: =SUM(GT11:GT14) -> 0 | GU55: =SUM(GU11:GU14) -> 0 | GV55: =SUM(GV11:GV14) -> 0 | GW55: =SUM(GW11:GW14) -> 0 | ... HJ55: =SUM(HJ11:HJ14) -> 0
A56: 45210 | B56: =SUM(B15:B18) -> 126 | C56: =SUM(C15:C18) -> 24 | D56: =SUM(D15:D18) -> 0 | E56: =SUM(E15:E18) -> 0 | F56: =SUM(F15:F18) -> 2 | G56: =SUM(G15:G18) -> 3 | H56: =SUM(H15:H18) -> 155 | I56: =SUM(I15:I18) -> 188 | ... ED56: =SUM(ED15:ED18) -> 0 | EL56: =SUM(EL15:EL18) -> 0 | EM56: =SUM(EM15:EM18) -> 0 | EN56: =SUM(EN15:EN18) -> 0 | EO56: =SUM(EO15:EO18) -> 0 | EP56: =SUM(EP15:EP18) -> 0 | EQ56: =SUM(EQ15:EQ18) -> 0 | ER56: =SUM(ER15:ER18) -> 0 | ES56: =SUM(ES15:ES18) -> 0 | ... FF56: =SUM(FF15:FF18) -> 0 | FN56: =SUM(FN15:FN18) -> 0 | FO56: =SUM(FO15:FO18) -> 0 | FP56: =SUM(FP15:FP18) -> 0 | FQ56: =SUM(FQ15:FQ18) -> 0 | FR56: =SUM(FR15:FR18) -> 0 | FS56: =SUM(FS15:FS18) -> 0 | FT56: =SUM(FT15:FT18) -> 0 | FU56: =SUM(FU15:FU18) -> 0 | ... GH56: =SUM(GH15:GH18) -> 0 | GP56: =SUM(GP15:GP18) -> 0 | GQ56: =SUM(GQ15:GQ18) -> 0 | GR56: =SUM(GR15:GR18) -> 0 | GS56: =SUM(GS15:GS18) -> 0 | GT56: =SUM(GT15:GT18) -> 0 | GU56: =SUM(GU15:GU18) -> 0 | GV56: =SUM(GV15:GV18) -> 0 | GW56: =SUM(GW15:GW18) -> 0 | ... HJ56: =SUM(HJ15:HJ18) -> 0
A57: 45242 | B57: =SUM(B19:B22) -> 116 | C57: =SUM(C19:C22) -> 33 | D57: =SUM(D19:D22) -> 0 | E57: =SUM(E19:E22) -> 0 | F57: =SUM(F19:F22) -> 2 | G57: =SUM(G19:G22) -> 3 | H57: =SUM(H19:H22) -> 154 | I57: =SUM(I19:I22) -> 200 | ... ED57: =SUM(ED19:ED22) -> 0 | EL57: =SUM(EL19:EL22) -> 0 | EM57: =SUM(EM19:EM22) -> 0 | EN57: =SUM(EN19:EN22) -> 0 | EO57: =SUM(EO19:EO22) -> 0 | EP57: =SUM(EP19:EP22) -> 0 | EQ57: =SUM(EQ19:EQ22) -> 0 | ER57: =SUM(ER19:ER22) -> 0 | ES57: =SUM(ES19:ES22) -> 0 | ... FF57: =SUM(FF19:FF22) -> 0 | FN57: =SUM(FN19:FN22) -> 0 | FO57: =SUM(FO19:FO22) -> 0 | FP57: =SUM(FP19:FP22) -> 0 | FQ57: =SUM(FQ19:FQ22) -> 0 | FR57: =SUM(FR19:FR22) -> 0 | FS57: =SUM(FS19:FS22) -> 0 | FT57: =SUM(FT19:FT22) -> 0 | FU57: =SUM(FU19:FU22) -> 0 | ... GH57: =SUM(GH19:GH22) -> 0 | GP57: =SUM(GP19:GP22) -> 0 | GQ57: =SUM(GQ19:GQ22) -> 0 | GR57: =SUM(GR19:GR22) -> 0 | GS57: =SUM(GS19:GS22) -> 0 | GT57: =SUM(GT19:GT22) -> 0 | GU57: =SUM(GU19:GU22) -> 0 | GV57: =SUM(GV19:GV22) -> 0 | GW57: =SUM(GW19:GW22) -> 0 | ... HJ57: =SUM(HJ19:HJ22) -> 0
A58: 45273 | B58: =SUM(B23:B26) -> 111 | C58: =SUM(C23:C26) -> 23 | D58: =SUM(D23:D26) -> 0 | E58: =SUM(E23:E26) -> 0 | F58: =SUM(F23:F26) -> 2 | G58: =SUM(G23:G26) -> 1 | H58: =SUM(H23:H26) -> 137 | I58: =SUM(I23:I26) -> 228 | ... ED58: =SUM(ED23:ED26) -> 0 | EL58: =SUM(EL23:EL26) -> 0 | EM58: =SUM(EM23:EM26) -> 0 | EN58: =SUM(EN23:EN26) -> 0 | EO58: =SUM(EO23:EO26) -> 0 | EP58: =SUM(EP23:EP26) -> 0 | EQ58: =SUM(EQ23:EQ26) -> 0 | ER58: =SUM(ER23:ER26) -> 0 | ES58: =SUM(ES23:ES26) -> 0 | ... FF58: =SUM(FF23:FF26) -> 0 | FN58: =SUM(FN23:FN26) -> 0 | FO58: =SUM(FO23:FO26) -> 0 | FP58: =SUM(FP23:FP26) -> 0 | FQ58: =SUM(FQ23:FQ26) -> 0 | FR58: =SUM(FR23:FR26) -> 0 | FS58: =SUM(FS23:FS26) -> 0 | FT58: =SUM(FT23:FT26) -> 0 | FU58: =SUM(FU23:FU26) -> 0 | ... GH58: =SUM(GH23:GH26) -> 0 | GP58: =SUM(GP23:GP26) -> 0 | GQ58: =SUM(GQ23:GQ26) -> 0 | GR58: =SUM(GR23:GR26) -> 0 | GS58: =SUM(GS23:GS26) -> 0 | GT58: =SUM(GT23:GT26) -> 0 | GU58: =SUM(GU23:GU26) -> 0 | GV58: =SUM(GV23:GV26) -> 0 | GW58: =SUM(GW23:GW26) -> 0 | ... HJ58: =SUM(HJ23:HJ26) -> 0
A59: 13-14 | B59: =SUM(B27:B30) -> 108 | C59: =SUM(C27:C30) -> 21 | D59: =SUM(D27:D30) -> 0 | E59: =SUM(E27:E30) -> 0 | F59: =SUM(F27:F30) -> 1 | G59: =SUM(G27:G30) -> 1 | H59: =SUM(H27:H30) -> 131 | I59: =SUM(I27:I30) -> 179 | ... ED59: =SUM(ED27:ED30) -> 0 | EL59: =SUM(EL27:EL30) -> 0 | EM59: =SUM(EM27:EM30) -> 0 | EN59: =SUM(EN27:EN30) -> 0 | EO59: =SUM(EO27:EO30) -> 0 | EP59: =SUM(EP27:EP30) -> 0 | EQ59: =SUM(EQ27:EQ30) -> 0 | ER59: =SUM(ER27:ER30) -> 0 | ES59: =SUM(ES27:ES30) -> 0 | ... FF59: =SUM(FF27:FF30) -> 0 | FN59: =SUM(FN27:FN30) -> 0 | FO59: =SUM(FO27:FO30) -> 0 | FP59: =SUM(FP27:FP30) -> 0 | FQ59: =SUM(FQ27:FQ30) -> 0 | FR59: =SUM(FR27:FR30) -> 0 | FS59: =SUM(FS27:FS30) -> 0 | FT59: =SUM(FT27:FT30) -> 0 | FU59: =SUM(FU27:FU30) -> 0 | ... GH59: =SUM(GH27:GH30) -> 0 | GP59: =SUM(GP27:GP30) -> 0 | GQ59: =SUM(GQ27:GQ30) -> 0 | GR59: =SUM(GR27:GR30) -> 0 | GS59: =SUM(GS27:GS30) -> 0 | GT59: =SUM(GT27:GT30) -> 0 | GU59: =SUM(GU27:GU30) -> 0 | GV59: =SUM(GV27:GV30) -> 0 | GW59: =SUM(GW27:GW30) -> 0 | ... HJ59: =SUM(HJ27:HJ30) -> 0
A60: 14-15 | B60: =SUM(B31:B34) -> 159 | C60: =SUM(C31:C34) -> 35 | D60: =SUM(D31:D34) -> 0 | E60: =SUM(E31:E34) -> 0 | F60: =SUM(F31:F34) -> 2 | G60: =SUM(G31:G34) -> 1 | H60: =SUM(H31:H34) -> 197 | I60: =SUM(I31:I34) -> 172 | ... ED60: =SUM(ED31:ED34) -> 0 | EL60: =SUM(EL31:EL34) -> 0 | EM60: =SUM(EM31:EM34) -> 0 | EN60: =SUM(EN31:EN34) -> 0 | EO60: =SUM(EO31:EO34) -> 0 | EP60: =SUM(EP31:EP34) -> 0 | EQ60: =SUM(EQ31:EQ34) -> 0 | ER60: =SUM(ER31:ER34) -> 0 | ES60: =SUM(ES31:ES34) -> 0 | ... FF60: =SUM(FF31:FF34) -> 0 | FN60: =SUM(FN31:FN34) -> 0 | FO60: =SUM(FO31:FO34) -> 0 | FP60: =SUM(FP31:FP34) -> 0 | FQ60: =SUM(FQ31:FQ34) -> 0 | FR60: =SUM(FR31:FR34) -> 0 | FS60: =SUM(FS31:FS34) -> 0 | FT60: =SUM(FT31:FT34) -> 0 | FU60: =SUM(FU31:FU34) -> 0 | ... GH60: =SUM(GH31:GH34) -> 0 | GP60: =SUM(GP31:GP34) -> 0 | GQ60: =SUM(GQ31:GQ34) -> 0 | GR60: =SUM(GR31:GR34) -> 0 | GS60: =SUM(GS31:GS34) -> 0 | GT60: =SUM(GT31:GT34) -> 0 | GU60: =SUM(GU31:GU34) -> 0 | GV60: =SUM(GV31:GV34) -> 0 | GW60: =SUM(GW31:GW34) -> 0 | ... HJ60: =SUM(HJ31:HJ34) -> 0
A61: 15-16 | B61: =SUM(B35:B38) -> 150 | C61: =SUM(C35:C38) -> 38 | D61: =SUM(D35:D38) -> 1 | E61: =SUM(E35:E38) -> 0 | F61: =SUM(F35:F38) -> 1 | G61: =SUM(G35:G38) -> 3 | H61: =SUM(H35:H38) -> 193 | I61: =SUM(I35:I38) -> 158 | ... ED61: =SUM(ED35:ED38) -> 0 | EL61: =SUM(EL35:EL38) -> 0 | EM61: =SUM(EM35:EM38) -> 0 | EN61: =SUM(EN35:EN38) -> 0 | EO61: =SUM(EO35:EO38) -> 0 | EP61: =SUM(EP35:EP38) -> 0 | EQ61: =SUM(EQ35:EQ38) -> 0 | ER61: =SUM(ER35:ER38) -> 0 | ES61: =SUM(ES35:ES38) -> 0 | ... FF61: =SUM(FF35:FF38) -> 0 | FN61: =SUM(FN35:FN38) -> 0 | FO61: =SUM(FO35:FO38) -> 0 | FP61: =SUM(FP35:FP38) -> 0 | FQ61: =SUM(FQ35:FQ38) -> 0 | FR61: =SUM(FR35:FR38) -> 0 | FS61: =SUM(FS35:FS38) -> 0 | FT61: =SUM(FT35:FT38) -> 0 | FU61: =SUM(FU35:FU38) -> 0 | ... GH61: =SUM(GH35:GH38) -> 0 | GP61: =SUM(GP35:GP38) -> 0 | GQ61: =SUM(GQ35:GQ38) -> 0 | GR61: =SUM(GR35:GR38) -> 0 | GS61: =SUM(GS35:GS38) -> 0 | GT61: =SUM(GT35:GT38) -> 0 | GU61: =SUM(GU35:GU38) -> 0 | GV61: =SUM(GV35:GV38) -> 0 | GW61: =SUM(GW35:GW38) -> 0 | ... HJ61: =SUM(HJ35:HJ38) -> 0
A62: 16-17 | B62: =SUM(B39:B42) -> 191 | C62: =SUM(C39:C42) -> 31 | D62: =SUM(D39:D42) -> 0 | E62: =SUM(E39:E42) -> 0 | F62: =SUM(F39:F42) -> 3 | G62: =SUM(G39:G42) -> 2 | H62: =SUM(H39:H42) -> 227 | I62: =SUM(I39:I42) -> 129 | ... ED62: =SUM(ED39:ED42) -> 0 | EL62: =SUM(EL39:EL42) -> 0 | EM62: =SUM(EM39:EM42) -> 0 | EN62: =SUM(EN39:EN42) -> 0 | EO62: =SUM(EO39:EO42) -> 0 | EP62: =SUM(EP39:EP42) -> 0 | EQ62: =SUM(EQ39:EQ42) -> 0 | ER62: =SUM(ER39:ER42) -> 0 | ES62: =SUM(ES39:ES42) -> 0 | ... FF62: =SUM(FF39:FF42) -> 0 | FN62: =SUM(FN39:FN42) -> 0 | FO62: =SUM(FO39:FO42) -> 0 | FP62: =SUM(FP39:FP42) -> 0 | FQ62: =SUM(FQ39:FQ42) -> 0 | FR62: =SUM(FR39:FR42) -> 0 | FS62: =SUM(FS39:FS42) -> 0 | FT62: =SUM(FT39:FT42) -> 0 | FU62: =SUM(FU39:FU42) -> 0 | ... GH62: =SUM(GH39:GH42) -> 0 | GP62: =SUM(GP39:GP42) -> 0 | GQ62: =SUM(GQ39:GQ42) -> 0 | GR62: =SUM(GR39:GR42) -> 0 | GS62: =SUM(GS39:GS42) -> 0 | GT62: =SUM(GT39:GT42) -> 0 | GU62: =SUM(GU39:GU42) -> 0 | GV62: =SUM(GV39:GV42) -> 0 | GW62: =SUM(GW39:GW42) -> 0 | ... HJ62: =SUM(HJ39:HJ42) -> 0
A63: 17-18 | B63: =SUM(B43:B46) -> 198 | C63: =SUM(C43:C46) -> 28 | D63: =SUM(D43:D46) -> 1 | E63: =SUM(E43:E46) -> 0 | F63: =SUM(F43:F46) -> 3 | G63: =SUM(G43:G46) -> 2 | H63: =SUM(H43:H46) -> 232 | I63: =SUM(I43:I46) -> 104 | ... ED63: =SUM(ED43:ED46) -> 0 | EL63: =SUM(EL43:EL46) -> 0 | EM63: =SUM(EM43:EM46) -> 0 | EN63: =SUM(EN43:EN46) -> 0 | EO63: =SUM(EO43:EO46) -> 0 | EP63: =SUM(EP43:EP46) -> 0 | EQ63: =SUM(EQ43:EQ46) -> 0 | ER63: =SUM(ER43:ER46) -> 0 | ES63: =SUM(ES43:ES46) -> 0 | ... FF63: =SUM(FF43:FF46) -> 0 | FN63: =SUM(FN43:FN46) -> 0 | FO63: =SUM(FO43:FO46) -> 0 | FP63: =SUM(FP43:FP46) -> 0 | FQ63: =SUM(FQ43:FQ46) -> 0 | FR63: =SUM(FR43:FR46) -> 0 | FS63: =SUM(FS43:FS46) -> 0 | FT63: =SUM(FT43:FT46) -> 0 | FU63: =SUM(FU43:FU46) -> 0 | ... GH63: =SUM(GH43:GH46) -> 0 | GP63: =SUM(GP43:GP46) -> 0 | GQ63: =SUM(GQ43:GQ46) -> 0 | GR63: =SUM(GR43:GR46) -> 0 | GS63: =SUM(GS43:GS46) -> 0 | GT63: =SUM(GT43:GT46) -> 0 | GU63: =SUM(GU43:GU46) -> 0 | GV63: =SUM(GV43:GV46) -> 0 | GW63: =SUM(GW43:GW46) -> 0 | ... HJ63: =SUM(HJ43:HJ46) -> 0
A64: 18-19 | B64: =SUM(B47:B50) -> 160 | C64: =SUM(C47:C50) -> 21 | D64: =SUM(D47:D50) -> 0 | E64: =SUM(E47:E50) -> 0 | F64: =SUM(F47:F50) -> 2 | G64: =SUM(G47:G50) -> 1 | H64: =SUM(H47:H50) -> 184 | I64: =SUM(I47:I50) -> 92 | ... ED64: =SUM(ED47:ED50) -> 0 | EL64: =SUM(EL47:EL50) -> 0 | EM64: =SUM(EM47:EM50) -> 0 | EN64: =SUM(EN47:EN50) -> 0 | EO64: =SUM(EO47:EO50) -> 0 | EP64: =SUM(EP47:EP50) -> 0 | EQ64: =SUM(EQ47:EQ50) -> 0 | ER64: =SUM(ER47:ER50) -> 0 | ES64: =SUM(ES47:ES50) -> 0 | ... FF64: =SUM(FF47:FF50) -> 0 | FN64: =SUM(FN47:FN50) -> 0 | FO64: =SUM(FO47:FO50) -> 0 | FP64: =SUM(FP47:FP50) -> 0 | FQ64: =SUM(FQ47:FQ50) -> 0 | FR64: =SUM(FR47:FR50) -> 0 | FS64: =SUM(FS47:FS50) -> 0 | FT64: =SUM(FT47:FT50) -> 0 | FU64: =SUM(FU47:FU50) -> 0 | ... GH64: =SUM(GH47:GH50) -> 0 | GP64: =SUM(GP47:GP50) -> 0 | GQ64: =SUM(GQ47:GQ50) -> 0 | GR64: =SUM(GR47:GR50) -> 0 | GS64: =SUM(GS47:GS50) -> 0 | GT64: =SUM(GT47:GT50) -> 0 | GU64: =SUM(GU47:GU50) -> 0 | GV64: =SUM(GV47:GV50) -> 0 | GW64: =SUM(GW47:GW50) -> 0 | ... HJ64: =SUM(HJ47:HJ50) -> 0
A65: sum | B65: =SUM(B53:B64) -> 1831 | C65: =SUM(C53:C64) -> 330 | D65: =SUM(D53:D64) -> 3 | E65: =SUM(E53:E64) -> 0 | F65: =SUM(F53:F64) -> 26 | G65: =SUM(G53:G64) -> 21 | H65: =SUM(H53:H64) -> 2211 | I65: =SUM(I53:I64) -> 1831 | ... ED65: =SUM(ED53:ED64) -> 0 | EL65: =SUM(EL53:EL64) -> 0 | EM65: =SUM(EM53:EM64) -> 0 | EN65: =SUM(EN53:EN64) -> 0 | EO65: =SUM(EO53:EO64) -> 0 | EP65: =SUM(EP53:EP64) -> 0 | EQ65: =SUM(EQ53:EQ64) -> 0 | ER65: =SUM(ER53:ER64) -> 0 | ES65: =SUM(ES53:ES64) -> 0 | ... FF65: =SUM(FF53:FF64) -> 0 | FN65: =SUM(FN53:FN64) -> 0 | FO65: =SUM(FO53:FO64) -> 0 | FP65: =SUM(FP53:FP64) -> 0 | FQ65: =SUM(FQ53:FQ64) -> 0 | FR65: =SUM(FR53:FR64) -> 0 | FS65: =SUM(FS53:FS64) -> 0 | FT65: =SUM(FT53:FT64) -> 0 | FU65: =SUM(FU53:FU64) -> 0 | ... GH65: =SUM(GH53:GH64) -> 0 | GP65: =SUM(GP53:GP64) -> 0 | GQ65: =SUM(GQ53:GQ64) -> 0 | GR65: =SUM(GR53:GR64) -> 0 | GS65: =SUM(GS53:GS64) -> 0 | GT65: =SUM(GT53:GT64) -> 0 | GU65: =SUM(GU53:GU64) -> 0 | GV65: =SUM(GV53:GV64) -> 0 | GW65: =SUM(GW53:GW64) -> 0 | ... HJ65: =SUM(HJ53:HJ64) -> 0
B66: NB | AD66: EB | BF66: SB | CH66: WB
A67: minute | B67: 15 | C67: 30 | D67: 45 | F67: ขาเข้า | G67: ขาออก | AD67: 15 | AE67: 30 | AF67: 45 | AH67: ขาเข้า | AI67: ขาออก | BF67: 15 | BG67: 30 | BH67: 45 | BJ67: ขาเข้า | BK67: ขาออก | CH67: 15 | CI67: 30 | CJ67: 45 | CL67: ขาเข้า | CM67: ขาออก
A68: 45115 | B68: =SUM(H3,O3,V3,AC3,DP3,DW3,ED3) -> 111 | C68: =$H4+$O4+$V4+$AC4+$DP4+$DW4+$ED4+B68 -> 224 | D68: =$H5+$O5+$V5+$AC5+$DP5+$DW5+$ED5+$C68 -> 338 | F68: =SUM(H53,O53,V53,AC53,DP53,DW53,ED53) -> 452 | G68: =SUM(AC53,AX53,BS53,CN53,FF53,GA53,GV53) -> 709 | AD68: =$AJ3+$AQ3+$AX3+$BE3+$ER3+$EY3+$FF3 -> 405 | AE68: =$AJ4+$AQ4+$AX4+$BE4+$ER4+$EY4+$FF4+AD68 -> 784 | AF68: =$AJ5+$AQ5+$AX5+$BE5+$ER5+$EY5+$FF5+AE68 -> 1179 | AH68: =SUM(AJ53,AQ53,AX53,BE53,ER53,EY53,FF53) -> 1555 | AI68: =SUM(H53,BE53,BZ53,CU53,DP53,GH53,HC53) -> 1460 | BF68: =$BL3+$BS3+$BZ3+$CG3+$FT3+$GA3+$GH3 -> 159 | BG68: =$BL4+$BS4+$BZ4+$CG4+$FT4+$GA4+$GH4+BF68 -> 295 | BH68: =$BL5+$BS5+$BZ5+$CG5+$FT5+$GA5+$GH5+BG68 -> 455 | BJ68: =SUM(BL53,BS53,BZ53,CG53,FT53,GA53,GH53) -> 597 | BK68: =SUM(O53,AJ53,CG53,DB53,DW53,ER53,HJ53) -> 366 | CH68: =$CN3+$CU3+$DB3+$DI3+$GV3+$HC3+$HJ3 -> 234 | CI68: =$CN4+$CU4+$DB4+$DI4+$GV4+$HC4+$HJ4+CH68 -> 466 | CJ68: =$CN5+$CU5+$DB5+$DI5+$GV5+$HC5+$HJ5+CI68 -> 701 | CL68: =SUM(CN53,CU53,DB53,DI53,GV53,HC53,HJ53) -> 946 | CM68: =SUM(V53,AQ53,BL53,DI53,ED53,EY53,FT53) -> 1015
A69: 45147 | B69: =$H7+$O7+$V7+$AC7+$DP7+$DW7+$ED7 -> 111 | C69: =$H8+$O8+$V8+$AC8+$DP8+$DW8+$ED8+B69 -> 219 | D69: =$H9+$O9+$V9+$AC9+$DP9+$DW9+$ED9+C69 -> 319 | F69: =SUM(H54,O54,V54,AC54,DP54,DW54,ED54) -> 424 | G69: =SUM(AC54,AX54,BS54,CN54,FF54,GA54,GV54) -> 722 | AD69: =$AJ7+$AQ7+$AX7+$BE7+$ER7+$EY7+$FF7 -> 389 | AE69: =$AJ8+$AQ8+$AX8+$BE8+$ER8+$EY8+$FF8+AD69 -> 757 | AF69: =$AJ9+$AQ9+$AX9+$BE9+$ER9+$EY9+$FF9+AE69 -> 1128 | AH69: =SUM(AJ54,AQ54,AX54,BE54,ER54,EY54,FF54) -> 1505 | AI69: =SUM(H54,BE54,BZ54,CU54,DP54,GH54,HC54) -> 1449 | BF69: =$BL7+$BS7+$BZ7+$CG7+$FT7+$GA7+$GH7 -> 152 | BG69: =$BL8+$BS8+$BZ8+$CG8+$FT8+$GA8+$GH8+BF69 -> 330 | BH69: =$BL9+$BS9+$BZ9+$CG9+$FT9+$GA9+$GH9+BG69 -> 468 | BJ69: =SUM(BL54,BS54,BZ54,CG54,FT54,GA54,GH54) -> 625 | BK69: =SUM(O54,AJ54,CG54,DB54,DW54,ER54,HJ54) -> 334 | CH69: =$CN7+$CU7+$DB7+$DI7+$GV7+$HC7+$HJ7 -> 244 | CI69: =$CN8+$CU8+$DB8+$DI8+$GV8+$HC8+$HJ8+CH69 -> 463 | CJ69: =$CN9+$CU9+$DB9+$DI9+$GV9+$HC9+$HJ9+CI69 -> 685 | CL69: =SUM(CN54,CU54,DB54,DI54,GV54,HC54,HJ54) -> 894 | CM69: =SUM(V54,AQ54,BL54,DI54,ED54,EY54,FT54) -> 943
A70: 45179 | B70: =$H11+$O11+$V11+$AC11+$DP11+$DW11+$ED11 -> 130 | C70: =$H12+$O12+$V12+$AC12+$DP12+$DW12+$ED12+B70 -> 270 | D70: =$H13+$O13+$V13+$AC13+$DP13+$DW13+$ED13+C70 -> 419 | F70: =SUM(H55,O55,V55,AC55,DP55,DW55,ED55) -> 539 | G70: =SUM(AC55,AX55,BS55,CN55,FF55,GA55,GV55) -> 702 | AD70: =$AJ11+$AQ11+$AX11+$BE11+$ER11+$EY11+$FF11 -> 381 | AE70: =$AJ12+$AQ12+$AX12+$BE12+$ER12+$EY12+$FF12+AD70 -> 739 | AF70: =$AJ13+$AQ13+$AX13+$BE13+$ER13+$EY13+$FF13+AE70 -> 1122 | AH70: =SUM(AJ55,AQ55,AX55,BE55,ER55,EY55,FF55) -> 1469 | AI70: =SUM(H55,BE55,BZ55,CU55,DP55,GH55,HC55) -> 1274 | BF70: =$BL11+$BS11+$BZ11+$CG11+$FT11+$GA11+$GH11 -> 154 | BG70: =$BL12+$BS12+$BZ12+$CG12+$FT12+$GA12+$GH12+BF70 -> 285 | BH70: =$BL13+$BS13+$BZ13+$CG13+$FT13+$GA13+$GH13+BG70 -> 445 | BJ70: =SUM(BL55,BS55,BZ55,CG55,FT55,GA55,GH55) -> 570 | BK70: =SUM(O55,AJ55,CG55,DB55,DW55,ER55,HJ55) -> 452 | CH70: =$CN11+$CU11+$DB11+$DI11+$GV11+$HC11+$HJ11 -> 215 | CI70: =$CN12+$CU12+$DB12+$DI12+$GV12+$HC12+$HJ12+CH70 -> 413 | CJ70: =$CN13+$CU13+$DB13+$DI13+$GV13+$HC13+$HJ13+CI70 -> 607 | CL70: =SUM(CN55,CU55,DB55,DI55,GV55,HC55,HJ55) -> 790 | CM70: =SUM(V55,AQ55,BL55,DI55,ED55,EY55,FT55) -> 940
A71: 45210 | B71: =$H15+$O15+$V15+$AC15+$DP15+$DW15+$ED15 -> 126 | C71: =$H16+$O16+$V16+$AC16+$DP16+$DW16+$ED16+B71 -> 259 | D71: =$H17+$O17+$V17+$AC17+$DP17+$DW17+$ED17+C71 -> 387 | F71: =SUM(H56,O56,V56,AC56,DP56,DW56,ED56) -> 519 | G71: =SUM(AC56,AX56,BS56,CN56,FF56,GA56,GV56) -> 540 | AD71: =$AJ15+$AQ15+$AX15+$BE15+$ER15+$EY15+$FF15 -> 333 | AE71: =$AJ16+$AQ16+$AX16+$BE16+$ER16+$EY16+$FF16+AD71 -> 673 | AF71: =$AJ17+$AQ17+$AX17+$BE17+$ER17+$EY17+$FF17+AE71 -> 1025 | AH71: =SUM(AJ56,AQ56,AX56,BE56,ER56,EY56,FF56) -> 1399 | AI71: =SUM(H56,BE56,BZ56,CU56,DP56,GH56,HC56) -> 1223 | BF71: =$BL15+$BS15+$BZ15+$CG15+$FT15+$GA15+$GH15 -> 139 | BG71: =$BL16+$BS16+$BZ16+$CG16+$FT16+$GA16+$GH16+BF71 -> 298 | BH71: =$BL17+$BS17+$BZ17+$CG17+$FT17+$GA17+$GH17+BG71 -> 460 | BJ71: =SUM(BL56,BS56,BZ56,CG56,FT56,GA56,GH56) -> 599 | BK71: =SUM(O56,AJ56,CG56,DB56,DW56,ER56,HJ56) -> 509 | CH71: =$CN15+$CU15+$DB15+$DI15+$GV15+$HC15+$HJ15 -> 186 | CI71: =$CN16+$CU16+$DB16+$DI16+$GV16+$HC16+$HJ16+CH71 -> 341 | CJ71: =$CN17+$CU17+$DB17+$DI17+$GV17+$HC17+$HJ17+CI71 -> 500 | CL71: =SUM(CN56,CU56,DB56,DI56,GV56,HC56,HJ56) -> 656 | CM71: =SUM(V56,AQ56,BL56,DI56,ED56,EY56,FT56) -> 901
A72: 45242 | B72: =$H19+$O19+$V19+$AC19+$DP19+$DW19+$ED19 -> 124 | C72: =$H20+$O20+$V20+$AC20+$DP20+$DW20+$ED20+B72 -> 267 | D72: =$H21+$O21+$V21+$AC21+$DP21+$DW21+$ED21+C72 -> 386 | F72: =SUM(H57,O57,V57,AC57,DP57,DW57,ED57) -> 523 | G72: =SUM(AC57,AX57,BS57,CN57,FF57,GA57,GV57) -> 530 | AD72: =$AJ19+$AQ19+$AX19+$BE19+$ER19+$EY19+$FF19 -> 338 | AE72: =$AJ20+$AQ20+$AX20+$BE20+$ER20+$EY20+$FF20+AD72 -> 702 | AF72: =$AJ21+$AQ21+$AX21+$BE21+$ER21+$EY21+$FF21+AE72 -> 1057 | AH72: =SUM(AJ57,AQ57,AX57,BE57,ER57,EY57,FF57) -> 1394 | AI72: =SUM(H57,BE57,BZ57,CU57,DP57,GH57,HC57) -> 1155 | BF72: =$BL19+$BS19+$BZ19+$CG19+$FT19+$GA19+$GH19 -> 162 | BG72: =$BL20+$BS20+$BZ20+$CG20+$FT20+$GA20+$GH20+BF72 -> 298 | BH72: =$BL21+$BS21+$BZ21+$CG21+$FT21+$GA21+$GH21+BG72 -> 457 | BJ72: =SUM(BL57,BS57,BZ57,CG57,FT57,GA57,GH57) -> 599 | BK72: =SUM(O57,AJ57,CG57,DB57,DW57,ER57,HJ57) -> 574 | CH72: =$CN19+$CU19+$DB19+$DI19+$GV19+$HC19+$HJ19 -> 163 | CI72: =$CN20+$CU20+$DB20+$DI20+$GV20+$HC20+$HJ20+CH72 -> 314 | CJ72: =$CN21+$CU21+$DB21+$DI21+$GV21+$HC21+$HJ21+CI72 -> 467 | CL72: =SUM(CN57,CU57,DB57,DI57,GV57,HC57,HJ57) -> 618 | CM72: =SUM(V57,AQ57,BL57,DI57,ED57,EY57,FT57) -> 875
A73: 45273 | B73: =$H23+$O23+$V23+$AC23+$DP23+$DW23+$ED23 -> 136 | C73: =$H24+$O24+$V24+$AC24+$DP24+$DW24+$ED24+B73 -> 261 | D73: =$H25+$O25+$V25+$AC25+$DP25+$DW25+$ED25+C73 -> 386 | F73: =SUM(H58,O58,V58,AC58,DP58,DW58,ED58) -> 523 | G73: =SUM(AC58,AX58,BS58,CN58,FF58,GA58,GV58) -> 500 | AD73: =$AJ23+$AQ23+$AX23+$BE23+$ER23+$EY23+$FF23 -> 366 | AE73: =$AJ24+$AQ24+$AX24+$BE24+$ER24+$EY24+$FF24+AD73 -> 704 | AF73: =$AJ25+$AQ25+$AX25+$BE25+$ER25+$EY25+$FF25+AE73 -> 1052 | AH73: =SUM(AJ58,AQ58,AX58,BE58,ER58,EY58,FF58) -> 1408 | AI73: =SUM(H58,BE58,BZ58,CU58,DP58,GH58,HC58) -> 1164 | BF73: =$BL23+$BS23+$BZ23+$CG23+$FT23+$GA23+$GH23 -> 148 | BG73: =$BL24+$BS24+$BZ24+$CG24+$FT24+$GA24+$GH24+BF73 -> 305 | BH73: =$BL25+$BS25+$BZ25+$CG25+$FT25+$GA25+$GH25+BG73 -> 433 | BJ73: =SUM(BL58,BS58,BZ58,CG58,FT58,GA58,GH58) -> 593 | BK73: =SUM(O58,AJ58,CG58,DB58,DW58,ER58,HJ58) -> 622 | CH73: =$CN23+$CU23+$DB23+$DI23+$GV23+$HC23+$HJ23 -> 155 | CI73: =$CN24+$CU24+$DB24+$DI24+$GV24+$HC24+$HJ24+CH73 -> 320 | CJ73: =$CN25+$CU25+$DB25+$DI25+$GV25+$HC25+$HJ25+CI73 -> 468 | CL73: =SUM(CN58,CU58,DB58,DI58,GV58,HC58,HJ58) -> 609 | CM73: =SUM(V58,AQ58,BL58,DI58,ED58,EY58,FT58) -> 847
A74: 13-14 | B74: =$H27+$O27+$V27+$AC27+$DP27+$DW27+$ED27 -> 133 | C74: =$H28+$O28+$V28+$AC28+$DP28+$DW28+$ED28+B74 -> 261 | D74: =$H29+$O29+$V29+$AC29+$DP29+$DW29+$ED29+C74 -> 387 | F74: =SUM(H59,O59,V59,AC59,DP59,DW59,ED59) -> 494 | G74: =SUM(AC59,AX59,BS59,CN59,FF59,GA59,GV59) -> 482 | AD74: =$AJ27+$AQ27+$AX27+$BE27+$ER27+$EY27+$FF27 -> 350 | AE74: =$AJ28+$AQ28+$AX28+$BE28+$ER28+$EY28+$FF28+AD74 -> 737 | AF74: =$AJ29+$AQ29+$AX29+$BE29+$ER29+$EY29+$FF29+AE74 -> 1085 | AH74: =SUM(AJ59,AQ59,AX59,BE59,ER59,EY59,FF59) -> 1458 | AI74: =SUM(H59,BE59,BZ59,CU59,DP59,GH59,HC59) -> 1223 | BF74: =$BL27+$BS27+$BZ27+$CG27+$FT27+$GA27+$GH27 -> 162 | BG74: =$BL28+$BS28+$BZ28+$CG28+$FT28+$GA28+$GH28+BF74 -> 326 | BH74: =$BL29+$BS29+$BZ29+$CG29+$FT29+$GA29+$GH29+BG74 -> 452 | BJ74: =SUM(BL59,BS59,BZ59,CG59,FT59,GA59,GH59) -> 604 | BK74: =SUM(O59,AJ59,CG59,DB59,DW59,ER59,HJ59) -> 508 | CH74: =$CN27+$CU27+$DB27+$DI27+$GV27+$HC27+$HJ27 -> 164 | CI74: =$CN28+$CU28+$DB28+$DI28+$GV28+$HC28+$HJ28+CH74 -> 329 | CJ74: =$CN29+$CU29+$DB29+$DI29+$GV29+$HC29+$HJ29+CI74 -> 476 | CL74: =SUM(CN59,CU59,DB59,DI59,GV59,HC59,HJ59) -> 624 | CM74: =SUM(V59,AQ59,BL59,DI59,ED59,EY59,FT59) -> 967
A75: 14-15 | B75: =$H31+$O31+$V31+$AC31+$DP31+$DW31+$ED31 -> 124 | C75: =$H32+$O32+$V32+$AC32+$DP32+$DW32+$ED32+B75 -> 246 | D75: =$H33+$O33+$V33+$AC33+$DP33+$DW33+$ED33+C75 -> 377 | F75: =SUM(H60,O60,V60,AC60,DP60,DW60,ED60) -> 519 | G75: =SUM(AC60,AX60,BS60,CN60,FF60,GA60,GV60) -> 529 | AD75: =$AJ31+$AQ31+$AX31+$BE31+$ER31+$EY31+$FF31 -> 358 | AE75: =$AJ32+$AQ32+$AX32+$BE32+$ER32+$EY32+$FF32+AD75 -> 714 | AF75: =$AJ33+$AQ33+$AX33+$BE33+$ER33+$EY33+$FF33+AE75 -> 1065 | AH75: =SUM(AJ60,AQ60,AX60,BE60,ER60,EY60,FF60) -> 1434 | AI75: =SUM(H60,BE60,BZ60,CU60,DP60,GH60,HC60) -> 1239 | BF75: =$BL31+$BS31+$BZ31+$CG31+$FT31+$GA31+$GH31 -> 152 | BG75: =$BL32+$BS32+$BZ32+$CG32+$FT32+$GA32+$GH32+BF75 -> 315 | BH75: =$BL33+$BS33+$BZ33+$CG33+$FT33+$GA33+$GH33+BG75 -> 484 | BJ75: =SUM(BL60,BS60,BZ60,CG60,FT60,GA60,GH60) -> 621 | BK75: =SUM(O60,AJ60,CG60,DB60,DW60,ER60,HJ60) -> 457 | CH75: =$CN31+$CU31+$DB31+$DI31+$GV31+$HC31+$HJ31 -> 152 | CI75: =$CN32+$CU32+$DB32+$DI32+$GV32+$HC32+$HJ32+CH75 -> 311 | CJ75: =$CN33+$CU33+$DB33+$DI33+$GV33+$HC33+$HJ33+CI75 -> 473 | CL75: =SUM(CN60,CU60,DB60,DI60,GV60,HC60,HJ60) -> 636 | CM75: =SUM(V60,AQ60,BL60,DI60,ED60,EY60,FT60) -> 985
A76: 15-16 | B76: =$H35+$O35+$V35+$AC35+$DP35+$DW35+$ED35 -> 122 | C76: =$H36+$O36+$V36+$AC36+$DP36+$DW36+$ED36+B76 -> 256 | D76: =$H37+$O37+$V37+$AC37+$DP37+$DW37+$ED37+C76 -> 392 | F76: =SUM(H61,O61,V61,AC61,DP61,DW61,ED61) -> 513 | G76: =SUM(AC61,AX61,BS61,CN61,FF61,GA61,GV61) -> 621 | AD76: =$AJ35+$AQ35+$AX35+$BE35+$ER35+$EY35+$FF35 -> 367 | AE76: =$AJ36+$AQ36+$AX36+$BE36+$ER36+$EY36+$FF36+AD76 -> 720 | AF76: =$AJ37+$AQ37+$AX37+$BE37+$ER37+$EY37+$FF37+AE76 -> 1137 | AH76: =SUM(AJ61,AQ61,AX61,BE61,ER61,EY61,FF61) -> 1524 | AI76: =SUM(H61,BE61,BZ61,CU61,DP61,GH61,HC61) -> 1254 | BF76: =$BL35+$BS35+$BZ35+$CG35+$FT35+$GA35+$GH35 -> 148 | BG76: =$BL36+$BS36+$BZ36+$CG36+$FT36+$GA36+$GH36+BF76 -> 270 | BH76: =$BL37+$BS37+$BZ37+$CG37+$FT37+$GA37+$GH37+BG76 -> 402 | BJ76: =SUM(BL61,BS61,BZ61,CG61,FT61,GA61,GH61) -> 550 | BK76: =SUM(O61,AJ61,CG61,DB61,DW61,ER61,HJ61) -> 469 | CH76: =$CN35+$CU35+$DB35+$DI35+$GV35+$HC35+$HJ35 -> 151 | CI76: =$CN36+$CU36+$DB36+$DI36+$GV36+$HC36+$HJ36+CH76 -> 344 | CJ76: =$CN37+$CU37+$DB37+$DI37+$GV37+$HC37+$HJ37+CI76 -> 533 | CL76: =SUM(CN61,CU61,DB61,DI61,GV61,HC61,HJ61) -> 722 | CM76: =SUM(V61,AQ61,BL61,DI61,ED61,EY61,FT61) -> 965
